,Unnamed: 0,image,atributes,categories,stage,img_norm_r
0,0,33_DR1-2/DR1-images-by-lesions/Cotton-wool Spots/IMG0293 (13).TIF,[],['cotton wool spots'],3,0.37477148
1,1,33_DR1-2/DR1-images-by-lesions/Cotton-wool Spots/IMG0257 (10).TIF,[],['cotton wool spots'],3,0.44286546
2,2,33_DR1-2/DR1-images-by-lesions/Cotton-wool Spots/IMG0010 (7).TIF,[],['cotton wool spots'],4,0.22489336
3,3,33_DR1-2/DR1-images-by-lesions/Cotton-wool Spots/IMG0507 (4).TIF,[],['cotton wool spots'],3,0.4637497
4,4,33_DR1-2/DR1-images-by-lesions/Cotton-wool Spots/IMG0256 (12).TIF,[],['cotton wool spots'],2,0.6948786
5,5,33_DR1-2/DR1-images-by-lesions/Cotton-wool Spots/IMG0207 (11).TIF,[],['cotton wool spots'],3,0.42628148
6,6,33_DR1-2/DR1-images-by-lesions/Cotton-wool Spots/IMG0300 (5).TIF,[],['cotton wool spots'],3,0.31734836
7,7,33_DR1-2/DR1-images-by-lesions/Cotton-wool Spots/IMG0392 (6).TIF,[],['cotton wool spots'],3,0.28626722
8,8,33_DR1-2/DR1-images-by-lesions/Cotton-wool Spots/IMG0487 (7).TIF,[],['cotton wool spots'],3,0.4699554
9,9,33_DR1-2/DR1-images-by-lesions/Cotton-wool Spots/IMG0216 (4).TIF,[],['cotton wool spots'],2,0.5679328
10,10,33_DR1-2/DR1-images-by-lesions/Cotton-wool Spots/IMG0412 (7).TIF,[],['cotton wool spots'],3,0.39610186
11,11,33_DR1-2/DR1-images-by-lesions/Cotton-wool Spots/IMG0109.TIF,[],['cotton wool spots'],3,0.37092116
12,12,33_DR1-2/DR1-images-by-lesions/Cotton-wool Spots/IMG0622 (3).TIF,[],['cotton wool spots'],3,0.26688316
13,13,33_DR1-2/DR1-images-by-lesions/Cotton-wool Spots/IMG0163 (10).TIF,[],['cotton wool spots'],3,0.44943506
14,14,33_DR1-2/DR1-images-by-lesions/Cotton-wool Spots/IMG0648 (2).TIF,[],['cotton wool spots'],2,0.5458234
15,15,33_DR1-2/DR1-images-by-lesions/Cotton-wool Spots/IMG0592 (5).TIF,[],['cotton wool spots'],3,0.42842108
16,16,33_DR1-2/DR1-images-by-lesions/Cotton-wool Spots/IMG0860 (2).TIF,[],['cotton wool spots'],4,0.2450866
17,17,33_DR1-2/DR1-images-by-lesions/Cotton-wool Spots/IMG0510 (3).TIF,[],['cotton wool spots'],1,0.96017087
18,18,33_DR1-2/DR1-images-by-lesions/Cotton-wool Spots/IMG0033 (8).TIF,[],['cotton wool spots'],1,0.8478397
19,19,33_DR1-2/DR1-images-by-lesions/Cotton-wool Spots/B (79).TIF,[],['cotton wool spots'],3,0.42668077
20,20,33_DR1-2/DR1-images-by-lesions/Cotton-wool Spots/IMG0169 (2).TIF,[],['cotton wool spots'],4,0.22237729
21,21,33_DR1-2/DR1-images-by-lesions/Cotton-wool Spots/IMG0291 (13).TIF,[],['cotton wool spots'],3,0.44400305
22,22,33_DR1-2/DR1-images-by-lesions/Cotton-wool Spots/IMG0048.TIF,[],['cotton wool spots'],4,0.20588721
23,23,33_DR1-2/DR1-images-by-lesions/Cotton-wool Spots/IMG0073 (6).TIF,[],['cotton wool spots'],3,0.45686188
24,24,33_DR1-2/DR1-images-by-lesions/Cotton-wool Spots/IMG0488 (6).TIF,[],['cotton wool spots'],3,0.31680492
25,25,33_DR1-2/DR1-images-by-lesions/Cotton-wool Spots/IMG0348 (11).TIF,[],['cotton wool spots'],3,0.49967858
26,26,33_DR1-2/DR1-images-by-lesions/Cotton-wool Spots/IMG0509 (4).TIF,[],['cotton wool spots'],3,0.29773408
27,27,33_DR1-2/DR1-images-by-lesions/Cotton-wool Spots/IMG0773 (2).TIF,[],['cotton wool spots'],3,0.33867067
28,28,33_DR1-2/DR1-images-by-lesions/Cotton-wool Spots/IMG0120 (4).TIF,[],['cotton wool spots'],3,0.39697823
29,29,33_DR1-2/DR1-images-by-lesions/Cotton-wool Spots/IMG0288 (7).TIF,[],['cotton wool spots'],3,0.2733074
30,30,33_DR1-2/DR1-images-by-lesions/Cotton-wool Spots/IMG0174 (3).TIF,[],['cotton wool spots'],3,0.31752062
31,31,33_DR1-2/DR1-images-by-lesions/Cotton-wool Spots/IMG0049.TIF,[],['cotton wool spots'],4,0.24560393
32,32,33_DR1-2/DR1-images-by-lesions/Cotton-wool Spots/IMG0208 (14).TIF,[],['cotton wool spots'],3,0.37896758
33,33,33_DR1-2/DR1-images-by-lesions/Cotton-wool Spots/IMG0046.TIF,[],['cotton wool spots'],3,0.33887622
34,34,33_DR1-2/DR1-images-by-lesions/Cotton-wool Spots/IMG0583 (4).TIF,[],['cotton wool spots'],3,0.29497066
35,35,33_DR1-2/DR1-images-by-lesions/Cotton-wool Spots/IMG0375 (5).TIF,[],['cotton wool spots'],2,0.51366794
36,36,33_DR1-2/DR1-images-by-lesions/Cotton-wool Spots/IMG0051.TIF,[],['cotton wool spots'],3,0.32700497
37,37,33_DR1-2/DR1-images-by-lesions/Cotton-wool Spots/IMG0052.TIF,[],['cotton wool spots'],3,0.2524896
38,38,33_DR1-2/DR1-images-by-lesions/Cotton-wool Spots/IMG0078 (9).TIF,[],['cotton wool spots'],3,0.42832437
39,39,33_DR1-2/DR1-images-by-lesions/Cotton-wool Spots/IMG0242 (11).TIF,[],['cotton wool spots'],3,0.35612047
40,40,33_DR1-2/DR1-images-by-lesions/Cotton-wool Spots/IMG0858 (2).TIF,[],['cotton wool spots'],3,0.28588307
41,41,33_DR1-2/DR1-images-by-lesions/Cotton-wool Spots/IMG0518 (6).TIF,[],['cotton wool spots'],2,0.574571
42,42,33_DR1-2/DR1-images-by-lesions/Cotton-wool Spots/IMG0215 (5).TIF,[],['cotton wool spots'],3,0.32400614
43,43,33_DR1-2/DR1-images-by-lesions/Cotton-wool Spots/IMG0314 (9).TIF,[],['cotton wool spots'],3,0.48115078
44,44,33_DR1-2/DR1-images-by-lesions/Cotton-wool Spots/IMG0597 (5).TIF,[],['cotton wool spots'],3,0.44243598
45,45,33_DR1-2/DR1-images-by-lesions/Cotton-wool Spots/IMG0584 (5).TIF,[],['cotton wool spots'],3,0.27417263
46,46,33_DR1-2/DR1-images-by-lesions/Cotton-wool Spots/IMG0302 (6).TIF,[],['cotton wool spots'],3,0.48553953
47,47,33_DR1-2/DR1-images-by-lesions/Cotton-wool Spots/IMG0095 (6).TIF,[],['cotton wool spots'],3,0.4161142
48,48,33_DR1-2/DR1-images-by-lesions/Cotton-wool Spots/IMG0206 (13).TIF,[],['cotton wool spots'],3,0.45004338
49,49,33_DR1-2/DR1-images-by-lesions/Cotton-wool Spots/IMG0534 (4).TIF,[],['cotton wool spots'],3,0.25949347
50,50,33_DR1-2/DR1-images-by-lesions/Cotton-wool Spots/IMG0857 (2).TIF,[],['cotton wool spots'],3,0.27635255
51,51,33_DR1-2/DR1-images-by-lesions/Cotton-wool Spots/IMG0519 (4).TIF,[],['cotton wool spots'],3,0.4838063
52,52,33_DR1-2/DR1-images-by-lesions/Cotton-wool Spots/IMG0774 (2).TIF,[],['cotton wool spots'],2,0.5318984
53,53,33_DR1-2/DR1-images-by-lesions/Cotton-wool Spots/IMG0294 (10).TIF,[],['cotton wool spots'],3,0.3492417
54,54,33_DR1-2/DR1-images-by-lesions/Cotton-wool Spots/IMG0512 (3).TIF,[],['cotton wool spots'],2,0.58069456
55,55,33_DR1-2/DR1-images-by-lesions/Cotton-wool Spots/IMG0073 (10).TIF,[],['cotton wool spots'],3,0.42397088
56,56,33_DR1-2/DR1-images-by-lesions/Cotton-wool Spots/IMG0071 (9).TIF,[],['cotton wool spots'],1,0.8145001
57,57,33_DR1-2/DR1-images-by-lesions/Cotton-wool Spots/IMG0977.TIF,[],['cotton wool spots'],3,0.37437922
58,58,33_DR1-2/DR1-images-by-lesions/Cotton-wool Spots/IMG0856 (2).TIF,[],['cotton wool spots'],3,0.43862003
59,59,33_DR1-2/DR1-images-by-lesions/Cotton-wool Spots/IMG0072 (11).TIF,[],['cotton wool spots'],3,0.34264642
60,60,33_DR1-2/DR1-images-by-lesions/Cotton-wool Spots/IMG0413 (8).TIF,[],['cotton wool spots'],3,0.3142859
61,61,33_DR1-2/DR1-images-by-lesions/Cotton-wool Spots/IMG0034 (6).TIF,[],['cotton wool spots'],1,0.8145001
62,62,33_DR1-2/DR1-images-by-lesions/Cotton-wool Spots/IMG0307 (8).TIF,[],['cotton wool spots'],2,0.5063166
63,63,33_DR1-2/DR1-images-by-lesions/Cotton-wool Spots/IMG0214 (9).TIF,[],['cotton wool spots'],3,0.30944267
64,64,33_DR1-2/DR1-images-by-lesions/Cotton-wool Spots/IMG0508 (3).TIF,[],['cotton wool spots'],3,0.36814943
65,65,33_DR1-2/DR1-images-by-lesions/Cotton-wool Spots/IMG0296 (8).TIF,[],['cotton wool spots'],3,0.44431543
66,66,33_DR1-2/DR1-images-by-lesions/Cotton-wool Spots/IMG0050.TIF,[],['cotton wool spots'],3,0.29555258
67,67,33_DR1-2/DR1-images-by-lesions/Cotton-wool Spots/IMG0004 (16).TIF,[],['cotton wool spots'],2,0.73728067
68,68,33_DR1-2/DR1-images-by-lesions/Cotton-wool Spots/IMG0246 (18).TIF,[],['cotton wool spots'],3,0.3763829
69,69,33_DR1-2/DR1-images-by-lesions/Cotton-wool Spots/IMG0057 (9).TIF,[],['cotton wool spots'],2,0.70796573
70,70,33_DR1-2/DR1-images-by-lesions/Cotton-wool Spots/IMG0513 (3).TIF,[],['cotton wool spots'],3,0.38043955
71,71,33_DR1-2/DR1-images-by-lesions/Cotton-wool Spots/IMG0052 (8).TIF,[],['cotton wool spots'],3,0.27818176
72,72,33_DR1-2/DR1-images-by-lesions/Cotton-wool Spots/IMG0409 (7).TIF,[],['cotton wool spots'],3,0.42170104
73,73,33_DR1-2/DR2-images-by-lesions/Cotton-wool Spots/IM000585.JPG,[],['cotton wool spots'],3,0.43736714
74,74,33_DR1-2/DR2-images-by-lesions/Cotton-wool Spots/IM001082.JPG,[],['cotton wool spots'],3,0.45703417
75,75,33_DR1-2/DR2-images-by-lesions/Cotton-wool Spots/IM000977.JPG,[],['cotton wool spots'],2,0.5312426
76,76,33_DR1-2/DR2-images-by-lesions/Cotton-wool Spots/IM000757.JPG,[],['cotton wool spots'],3,0.3659161
77,77,33_DR1-2/DR2-images-by-lesions/Cotton-wool Spots/IM000928.JPG,[],['cotton wool spots'],1,1.0
78,78,33_DR1-2/DR2-images-by-lesions/Cotton-wool Spots/IM000555.JPG,[],['cotton wool spots'],2,0.5597146
79,79,33_DR1-2/DR2-images-by-lesions/Cotton-wool Spots/IM000275.JPG,[],['cotton wool spots'],3,0.41303
80,80,33_DR1-2/DR2-images-by-lesions/Cotton-wool Spots/IM000812.JPG,[],['cotton wool spots'],3,0.49903187
81,81,33_DR1-2/DR2-images-by-lesions/Cotton-wool Spots/IM000273.JPG,[],['cotton wool spots'],3,0.36174762
82,82,33_DR1-2/DR2-images-by-lesions/Cotton-wool Spots/IM000981.JPG,[],['cotton wool spots'],2,0.6266095
83,83,33_DR1-2/DR2-images-by-lesions/Cotton-wool Spots/IM000929.JPG,[],['cotton wool spots'],2,0.66579956
84,84,33_DR1-2/DR2-images-by-lesions/Cotton-wool Spots/IM000306.JPG,[],['cotton wool spots'],2,0.6211254
85,85,33_DR1-2/DR2-images-by-lesions/Cotton-wool Spots/IM000980.JPG,[],['cotton wool spots'],2,0.5574958
86,86,33_DR1-2/DR2-images-by-lesions/Cotton-wool Spots/IM000814.JPG,[],['cotton wool spots'],3,0.42045206
87,87,33_DR1-2/DR2-images-by-lesions/Cotton-wool Spots/IM000160.JPG,[],['cotton wool spots'],2,0.55328673
88,88,33_DR1-2/DR2-images-by-lesions/Cotton-wool Spots/IM000979.JPG,[],['cotton wool spots'],1,0.7587648
89,89,33_DR1-2/DR2-images-by-lesions/Cotton-wool Spots/IM000305.JPG,[],['cotton wool spots'],2,0.64598924
90,90,33_DR1-2/DR1-images-by-lesions/Deep Hemorrhages/IMG0475 (6).TIF,[],['deep haemorrhages'],3,0.311331
91,91,33_DR1-2/DR1-images-by-lesions/Deep Hemorrhages/IMG0544 (7).TIF,[],['deep haemorrhages'],4,0.23826721
92,92,33_DR1-2/DR1-images-by-lesions/Deep Hemorrhages/IMG0257 (10).TIF,[],['deep haemorrhages'],3,0.39224932
93,93,33_DR1-2/DR1-images-by-lesions/Deep Hemorrhages/IMG0558 (4).TIF,[],['deep haemorrhages'],3,0.3176014
94,94,33_DR1-2/DR1-images-by-lesions/Deep Hemorrhages/IMG0193 (4).TIF,[],['deep haemorrhages'],3,0.26360273
95,95,33_DR1-2/DR1-images-by-lesions/Deep Hemorrhages/IMG0301 (5).TIF,[],['deep haemorrhages'],3,0.448346
96,96,33_DR1-2/DR1-images-by-lesions/Deep Hemorrhages/IMG0213.TIF,[],['deep haemorrhages'],3,0.264718
97,97,33_DR1-2/DR1-images-by-lesions/Deep Hemorrhages/IMG0083 (4).TIF,[],['deep haemorrhages'],3,0.26440123
98,98,33_DR1-2/DR1-images-by-lesions/Deep Hemorrhages/IMG0196 (2).TIF,[],['deep haemorrhages'],4,0.21650547
99,99,33_DR1-2/DR1-images-by-lesions/Deep Hemorrhages/IMG0045.TIF,[],['deep haemorrhages'],2,0.54052466
100,100,33_DR1-2/DR1-images-by-lesions/Deep Hemorrhages/A (152).TIF,[],['deep haemorrhages'],4,0.24293274
101,101,33_DR1-2/DR1-images-by-lesions/Deep Hemorrhages/IMG0197 (2).TIF,[],['deep haemorrhages'],3,0.4198485
102,102,33_DR1-2/DR1-images-by-lesions/Deep Hemorrhages/IMG0200 (8).TIF,[],['deep haemorrhages'],4,0.20763803
103,103,33_DR1-2/DR1-images-by-lesions/Deep Hemorrhages/IMG0084 (5).TIF,[],['deep haemorrhages'],4,0.24952047
104,104,33_DR1-2/DR1-images-by-lesions/Deep Hemorrhages/IMG0416 (2).TIF,[],['deep haemorrhages'],3,0.4996969
105,105,33_DR1-2/DR1-images-by-lesions/Deep Hemorrhages/IMG0414 (2).TIF,[],['deep haemorrhages'],3,0.41426945
106,106,33_DR1-2/DR1-images-by-lesions/Deep Hemorrhages/IMG0261 (10).TIF,[],['deep haemorrhages'],3,0.3252156
107,107,33_DR1-2/DR1-images-by-lesions/Deep Hemorrhages/IMG0198 (2).TIF,[],['deep haemorrhages'],2,0.61243266
108,108,33_DR1-2/DR1-images-by-lesions/Deep Hemorrhages/IMG0207 (11).TIF,[],['deep haemorrhages'],3,0.3570689
109,109,33_DR1-2/DR1-images-by-lesions/Deep Hemorrhages/c (47).TIF,[],['deep haemorrhages'],3,0.41648898
110,110,33_DR1-2/DR1-images-by-lesions/Deep Hemorrhages/IMG0207 (14).TIF,[],['deep haemorrhages'],4,0.22669272
111,111,33_DR1-2/DR1-images-by-lesions/Deep Hemorrhages/IMG0335 (3).TIF,[],['deep haemorrhages'],3,0.26306927
112,112,33_DR1-2/DR1-images-by-lesions/Deep Hemorrhages/IMG0300 (5).TIF,[],['deep haemorrhages'],3,0.2583685
113,113,33_DR1-2/DR1-images-by-lesions/Deep Hemorrhages/A (151).TIF,[],['deep haemorrhages'],3,0.3574942
114,114,33_DR1-2/DR1-images-by-lesions/Deep Hemorrhages/IMG0093 (8).TIF,[],['deep haemorrhages'],3,0.45514652
115,115,33_DR1-2/DR1-images-by-lesions/Deep Hemorrhages/IMG0259 (7).TIF,[],['deep haemorrhages'],4,0.22056115
116,116,33_DR1-2/DR1-images-by-lesions/Deep Hemorrhages/IMG0464 (5).TIF,[],['deep haemorrhages'],3,0.31352836
117,117,33_DR1-2/DR1-images-by-lesions/Deep Hemorrhages/IMG0484 (8).TIF,[],['deep haemorrhages'],3,0.45764905
118,118,33_DR1-2/DR1-images-by-lesions/Deep Hemorrhages/IMG0044.TIF,[],['deep haemorrhages'],3,0.26392394
119,119,33_DR1-2/DR1-images-by-lesions/Deep Hemorrhages/IMG0205 (10).TIF,[],['deep haemorrhages'],3,0.41016614
120,120,33_DR1-2/DR1-images-by-lesions/Deep Hemorrhages/IMG0412 (7).TIF,[],['deep haemorrhages'],3,0.2726163
121,121,33_DR1-2/DR1-images-by-lesions/Deep Hemorrhages/IMG0334 (3).TIF,[],['deep haemorrhages'],3,0.3569254
122,122,33_DR1-2/DR1-images-by-lesions/Deep Hemorrhages/IMG0485 (7).TIF,[],['deep haemorrhages'],2,0.6054292
123,123,33_DR1-2/DR1-images-by-lesions/Deep Hemorrhages/IMG0047.TIF,[],['deep haemorrhages'],3,0.2776516
124,124,33_DR1-2/DR1-images-by-lesions/Deep Hemorrhages/IMG0426 (3).TIF,[],['deep haemorrhages'],3,0.3631595
125,125,33_DR1-2/DR1-images-by-lesions/Deep Hemorrhages/IMG0491 (2).TIF,[],['deep haemorrhages'],3,0.46962404
126,126,33_DR1-2/DR1-images-by-lesions/Deep Hemorrhages/IMG0253 (4).TIF,[],['deep haemorrhages'],4,0.21016271
127,127,33_DR1-2/DR1-images-by-lesions/Deep Hemorrhages/IMG0740 (2).TIF,[],['deep haemorrhages'],3,0.2930532
128,128,33_DR1-2/DR1-images-by-lesions/Deep Hemorrhages/IMG0088 (10).TIF,[],['deep haemorrhages'],4,0.24549589
129,129,33_DR1-2/DR1-images-by-lesions/Deep Hemorrhages/IMG0418 (2).TIF,[],['deep haemorrhages'],3,0.26198253
130,130,33_DR1-2/DR1-images-by-lesions/Deep Hemorrhages/IMG0318 (6).TIF,[],['deep haemorrhages'],3,0.25908768
131,131,33_DR1-2/DR1-images-by-lesions/Deep Hemorrhages/IMG0090 (10).TIF,[],['deep haemorrhages'],3,0.42199284
132,132,33_DR1-2/DR1-images-by-lesions/Deep Hemorrhages/IMG0479 (4).TIF,[],['deep haemorrhages'],3,0.39303067
133,133,33_DR1-2/DR1-images-by-lesions/Deep Hemorrhages/IMG0465 (6).TIF,[],['deep haemorrhages'],3,0.4535041
134,134,33_DR1-2/DR1-images-by-lesions/Deep Hemorrhages/IMG0468 (6).TIF,[],['deep haemorrhages'],3,0.35041618
135,135,33_DR1-2/DR1-images-by-lesions/Deep Hemorrhages/IMG0317 (5).TIF,[],['deep haemorrhages'],3,0.2570471
136,136,33_DR1-2/DR1-images-by-lesions/Deep Hemorrhages/IMG0258 (7).TIF,[],['deep haemorrhages'],3,0.40543747
137,137,33_DR1-2/DR1-images-by-lesions/Deep Hemorrhages/IMG0214 (4).TIF,[],['deep haemorrhages'],3,0.29573098
138,138,33_DR1-2/DR1-images-by-lesions/Deep Hemorrhages/IMG0239 (3).TIF,[],['deep haemorrhages'],3,0.2525804
139,139,33_DR1-2/DR1-images-by-lesions/Deep Hemorrhages/IMG0144 (14).TIF,[],['deep haemorrhages'],2,0.56184584
140,140,33_DR1-2/DR1-images-by-lesions/Deep Hemorrhages/IMG0169 (2).TIF,[],['deep haemorrhages'],4,0.22023395
141,141,33_DR1-2/DR1-images-by-lesions/Deep Hemorrhages/c (49).TIF,[],['deep haemorrhages'],3,0.30279055
142,142,33_DR1-2/DR1-images-by-lesions/Deep Hemorrhages/IMG0010 (13).TIF,[],['deep haemorrhages'],3,0.3644407
143,143,33_DR1-2/DR1-images-by-lesions/Deep Hemorrhages/IMG0312 (5).TIF,[],['deep haemorrhages'],3,0.2741464
144,144,33_DR1-2/DR1-images-by-lesions/Deep Hemorrhages/A (143).TIF,[],['deep haemorrhages'],4,0.23015198
145,145,33_DR1-2/DR1-images-by-lesions/Deep Hemorrhages/IMG0352 (4).TIF,[],['deep haemorrhages'],2,0.5188832
146,146,33_DR1-2/DR1-images-by-lesions/Deep Hemorrhages/IMG0315.TIF,[],['deep haemorrhages'],3,0.30838233
147,147,33_DR1-2/DR1-images-by-lesions/Deep Hemorrhages/IMG0176 (7).TIF,[],['deep haemorrhages'],3,0.28862345
148,148,33_DR1-2/DR1-images-by-lesions/Deep Hemorrhages/A (144).TIF,[],['deep haemorrhages'],3,0.35931253
149,149,33_DR1-2/DR1-images-by-lesions/Deep Hemorrhages/c (48).TIF,[],['deep haemorrhages'],3,0.40144816
150,150,33_DR1-2/DR1-images-by-lesions/Deep Hemorrhages/IMG0073 (6).TIF,[],['deep haemorrhages'],3,0.40713874
151,151,33_DR1-2/DR1-images-by-lesions/Deep Hemorrhages/IMG0348 (11).TIF,[],['deep haemorrhages'],3,0.3524474
152,152,33_DR1-2/DR1-images-by-lesions/Deep Hemorrhages/IMG0482 (5).TIF,[],['deep haemorrhages'],4,0.24350391
153,153,33_DR1-2/DR1-images-by-lesions/Deep Hemorrhages/IMG0201 (11).TIF,[],['deep haemorrhages'],3,0.2988313
154,154,33_DR1-2/DR1-images-by-lesions/Deep Hemorrhages/IMG0350 (11).TIF,[],['deep haemorrhages'],3,0.283661
155,155,33_DR1-2/DR1-images-by-lesions/Deep Hemorrhages/IMG0463 (5).TIF,[],['deep haemorrhages'],3,0.3526089
156,156,33_DR1-2/DR1-images-by-lesions/Deep Hemorrhages/IMG0212 (4).TIF,[],['deep haemorrhages'],3,0.36206245
157,157,33_DR1-2/DR1-images-by-lesions/Deep Hemorrhages/IMG0247 (2).TIF,[],['deep haemorrhages'],3,0.33826274
158,158,33_DR1-2/DR1-images-by-lesions/Deep Hemorrhages/IMG0353 (4).TIF,[],['deep haemorrhages'],3,0.44981152
159,159,33_DR1-2/DR1-images-by-lesions/Deep Hemorrhages/IMG0480 (2).TIF,[],['deep haemorrhages'],4,0.20533936
160,160,33_DR1-2/DR1-images-by-lesions/Deep Hemorrhages/IMG0393 (12).TIF,[],['deep haemorrhages'],3,0.3850453
161,161,33_DR1-2/DR1-images-by-lesions/Deep Hemorrhages/IMG0427 (3).TIF,[],['deep haemorrhages'],3,0.3723588
162,162,33_DR1-2/DR1-images-by-lesions/Deep Hemorrhages/IMG0320 (12).TIF,[],['deep haemorrhages'],3,0.2690276
163,163,33_DR1-2/DR1-images-by-lesions/Deep Hemorrhages/A (148).TIF,[],['deep haemorrhages'],3,0.38215628
164,164,33_DR1-2/DR1-images-by-lesions/Deep Hemorrhages/IMG0174 (3).TIF,[],['deep haemorrhages'],4,0.24789086
165,165,33_DR1-2/DR1-images-by-lesions/Deep Hemorrhages/IMG0257 (5).TIF,[],['deep haemorrhages'],3,0.38353562
166,166,33_DR1-2/DR1-images-by-lesions/Deep Hemorrhages/IMG0208 (14).TIF,[],['deep haemorrhages'],3,0.28497922
167,167,33_DR1-2/DR1-images-by-lesions/Deep Hemorrhages/IMG0361 (6).TIF,[],['deep haemorrhages'],3,0.31334302
168,168,33_DR1-2/DR1-images-by-lesions/Deep Hemorrhages/IMG0337 (2).TIF,[],['deep haemorrhages'],3,0.2567849
169,169,33_DR1-2/DR1-images-by-lesions/Deep Hemorrhages/IMG0520.TIF,[],['deep haemorrhages'],3,0.3849594
170,170,33_DR1-2/DR1-images-by-lesions/Deep Hemorrhages/IMG0388 (12).TIF,[],['deep haemorrhages'],3,0.43293986
171,171,33_DR1-2/DR1-images-by-lesions/Deep Hemorrhages/IMG0124 (7).TIF,[],['deep haemorrhages'],3,0.29122427
172,172,33_DR1-2/DR1-images-by-lesions/Deep Hemorrhages/c (128).TIF,[],['deep haemorrhages'],3,0.3796555
173,173,33_DR1-2/DR1-images-by-lesions/Deep Hemorrhages/IMG0364 (9).TIF,[],['deep haemorrhages'],3,0.49097994
174,174,33_DR1-2/DR1-images-by-lesions/Deep Hemorrhages/IMG0390 (8).TIF,[],['deep haemorrhages'],3,0.27411032
175,175,33_DR1-2/DR1-images-by-lesions/Deep Hemorrhages/IMG0078 (9).TIF,[],['deep haemorrhages'],3,0.37471843
176,176,33_DR1-2/DR1-images-by-lesions/Deep Hemorrhages/IMG0195 (2).TIF,[],['deep haemorrhages'],2,0.5160332
177,177,33_DR1-2/DR1-images-by-lesions/Deep Hemorrhages/IMG0360 (5).TIF,[],['deep haemorrhages'],3,0.31603715
178,178,33_DR1-2/DR1-images-by-lesions/Deep Hemorrhages/IMG0116 (8).TIF,[],['deep haemorrhages'],3,0.34390858
179,179,33_DR1-2/DR1-images-by-lesions/Deep Hemorrhages/IMG0413 (2).TIF,[],['deep haemorrhages'],3,0.3866646
180,180,33_DR1-2/DR1-images-by-lesions/Deep Hemorrhages/A (147).TIF,[],['deep haemorrhages'],3,0.46975031
181,181,33_DR1-2/DR1-images-by-lesions/Deep Hemorrhages/IMG0252 (2).TIF,[],['deep haemorrhages'],3,0.30457178
182,182,33_DR1-2/DR1-images-by-lesions/Deep Hemorrhages/IMG0089 (9).TIF,[],['deep haemorrhages'],3,0.29364133
183,183,33_DR1-2/DR1-images-by-lesions/Deep Hemorrhages/IMG0478 (4).TIF,[],['deep haemorrhages'],3,0.48911595
184,184,33_DR1-2/DR1-images-by-lesions/Deep Hemorrhages/IMG0209 (16).TIF,[],['deep haemorrhages'],3,0.346231
185,185,33_DR1-2/DR1-images-by-lesions/Deep Hemorrhages/IMG0206 (13).TIF,[],['deep haemorrhages'],3,0.32584417
186,186,33_DR1-2/DR1-images-by-lesions/Deep Hemorrhages/IMG0545 (7).TIF,[],['deep haemorrhages'],3,0.29702845
187,187,33_DR1-2/DR1-images-by-lesions/Deep Hemorrhages/IMG0102 (12).TIF,[],['deep haemorrhages'],3,0.3346215
188,188,33_DR1-2/DR1-images-by-lesions/Deep Hemorrhages/A (145).TIF,[],['deep haemorrhages'],3,0.34807208
189,189,33_DR1-2/DR1-images-by-lesions/Deep Hemorrhages/A (134).TIF,[],['deep haemorrhages'],3,0.30418032
190,190,33_DR1-2/DR1-images-by-lesions/Deep Hemorrhages/IMG0481 (3).TIF,[],['deep haemorrhages'],3,0.31042954
191,191,33_DR1-2/DR1-images-by-lesions/Deep Hemorrhages/IMG0073 (10).TIF,[],['deep haemorrhages'],3,0.41074875
192,192,33_DR1-2/DR1-images-by-lesions/Deep Hemorrhages/IMG0145 (9).TIF,[],['deep haemorrhages'],2,0.58489144
193,193,33_DR1-2/DR1-images-by-lesions/Deep Hemorrhages/IMG0365 (9).TIF,[],['deep haemorrhages'],3,0.30019367
194,194,33_DR1-2/DR1-images-by-lesions/Deep Hemorrhages/IMG0146 (10).TIF,[],['deep haemorrhages'],3,0.35336703
195,195,33_DR1-2/DR1-images-by-lesions/Deep Hemorrhages/IMG0204 (8).TIF,[],['deep haemorrhages'],3,0.3535282
196,196,33_DR1-2/DR1-images-by-lesions/Deep Hemorrhages/IMG0419 (2).TIF,[],['deep haemorrhages'],3,0.36632088
197,197,33_DR1-2/DR1-images-by-lesions/Deep Hemorrhages/c (46).TIF,[],['deep haemorrhages'],3,0.45588022
198,198,33_DR1-2/DR1-images-by-lesions/Deep Hemorrhages/IMG0005 (20).TIF,[],['deep haemorrhages'],3,0.3479136
199,199,33_DR1-2/DR1-images-by-lesions/Deep Hemorrhages/IMG0311 (4).TIF,[],['deep haemorrhages'],3,0.2690868
200,200,33_DR1-2/DR1-images-by-lesions/Deep Hemorrhages/IMG0087 (11).TIF,[],['deep haemorrhages'],3,0.2662109
201,201,33_DR1-2/DR1-images-by-lesions/Deep Hemorrhages/A (149).TIF,[],['deep haemorrhages'],3,0.2961378
202,202,33_DR1-2/DR1-images-by-lesions/Deep Hemorrhages/A (150).TIF,[],['deep haemorrhages'],2,0.52233887
203,203,33_DR1-2/DR1-images-by-lesions/Deep Hemorrhages/IMG0043.TIF,[],['deep haemorrhages'],3,0.33984846
204,204,33_DR1-2/DR1-images-by-lesions/Deep Hemorrhages/IMG0081 (5).TIF,[],['deep haemorrhages'],3,0.27080488
205,205,33_DR1-2/DR1-images-by-lesions/Deep Hemorrhages/IMG0004 (4).TIF,[],['deep haemorrhages'],3,0.35838416
206,206,33_DR1-2/DR1-images-by-lesions/Deep Hemorrhages/IMG0042.TIF,[],['deep haemorrhages'],3,0.3122547
207,207,33_DR1-2/DR1-images-by-lesions/Deep Hemorrhages/IMG0313 (5).TIF,[],['deep haemorrhages'],3,0.35859132
208,208,33_DR1-2/DR1-images-by-lesions/Deep Hemorrhages/IMG0428 (3).TIF,[],['deep haemorrhages'],3,0.2621099
209,209,33_DR1-2/DR1-images-by-lesions/Deep Hemorrhages/IMG0415 (6).TIF,[],['deep haemorrhages'],3,0.318133
210,210,33_DR1-2/DR1-images-by-lesions/Deep Hemorrhages/IMG0161.TIF,[],['deep haemorrhages'],3,0.2696406
211,211,33_DR1-2/DR1-images-by-lesions/Deep Hemorrhages/IMG0413 (8).TIF,[],['deep haemorrhages'],3,0.2842312
212,212,33_DR1-2/DR1-images-by-lesions/Deep Hemorrhages/IMG0349 (8).TIF,[],['deep haemorrhages'],3,0.28187734
213,213,33_DR1-2/DR1-images-by-lesions/Deep Hemorrhages/IMG0260 (12).TIF,[],['deep haemorrhages'],3,0.4021552
214,214,33_DR1-2/DR1-images-by-lesions/Deep Hemorrhages/IMG0005 (11).TIF,[],['deep haemorrhages'],3,0.4722608
215,215,33_DR1-2/DR1-images-by-lesions/Deep Hemorrhages/IMG0048 (6).TIF,[],['deep haemorrhages'],3,0.34339803
216,216,33_DR1-2/DR1-images-by-lesions/Deep Hemorrhages/A (81).TIF,[],['deep haemorrhages'],3,0.40317476
217,217,33_DR1-2/DR1-images-by-lesions/Deep Hemorrhages/IMG0262 (8).TIF,[],['deep haemorrhages'],3,0.28584933
218,218,33_DR1-2/DR1-images-by-lesions/Deep Hemorrhages/IMG0338 (3).TIF,[],['deep haemorrhages'],3,0.3017225
219,219,33_DR1-2/DR1-images-by-lesions/Deep Hemorrhages/IMG0258 (12).TIF,[],['deep haemorrhages'],3,0.3159472
220,220,33_DR1-2/DR1-images-by-lesions/Deep Hemorrhages/IMG0082 (5).TIF,[],['deep haemorrhages'],3,0.31019875
221,221,33_DR1-2/DR1-images-by-lesions/Deep Hemorrhages/IMG0469 (7).TIF,[],['deep haemorrhages'],3,0.27839705
222,222,33_DR1-2/DR1-images-by-lesions/Deep Hemorrhages/IMG0249.TIF,[],['deep haemorrhages'],3,0.45729855
223,223,33_DR1-2/DR1-images-by-lesions/Deep Hemorrhages/IMG0462 (6).TIF,[],['deep haemorrhages'],4,0.15030809
224,224,33_DR1-2/DR1-images-by-lesions/Deep Hemorrhages/IMG0483 (15).TIF,[],['deep haemorrhages'],3,0.30262837
225,225,33_DR1-2/DR1-images-by-lesions/Deep Hemorrhages/IMG0363 (8).TIF,[],['deep haemorrhages'],3,0.395784
226,226,33_DR1-2/DR1-images-by-lesions/Deep Hemorrhages/IMG0203 (6).TIF,[],['deep haemorrhages'],3,0.34255236
227,227,33_DR1-2/DR1-images-by-lesions/Deep Hemorrhages/IMG0546 (7).TIF,[],['deep haemorrhages'],3,0.36758384
228,228,33_DR1-2/DR1-images-by-lesions/Deep Hemorrhages/IMG0004 (16).TIF,[],['deep haemorrhages'],2,0.697415
229,229,33_DR1-2/DR1-images-by-lesions/Deep Hemorrhages/IMG0199 (10).TIF,[],['deep haemorrhages'],3,0.3246611
230,230,33_DR1-2/DR1-images-by-lesions/Deep Hemorrhages/IMG0210 (14).TIF,[],['deep haemorrhages'],3,0.31236002
231,231,33_DR1-2/DR1-images-by-lesions/Deep Hemorrhages/IMG0041.TIF,[],['deep haemorrhages'],3,0.30977756
232,232,33_DR1-2/DR1-images-by-lesions/Deep Hemorrhages/IMG0257 (2).TIF,[],['deep haemorrhages'],3,0.33063832
233,233,33_DR1-2/DR1-images-by-lesions/Deep Hemorrhages/IMG0469 (8).TIF,[],['deep haemorrhages'],4,0.21921979
234,234,33_DR1-2/DR1-images-by-lesions/Deep Hemorrhages/IMG0484 (14).TIF,[],['deep haemorrhages'],3,0.4276138
235,235,33_DR1-2/DR1-images-by-lesions/Deep Hemorrhages/IMG0415 (2).TIF,[],['deep haemorrhages'],2,0.561837
236,236,33_DR1-2/DR1-images-by-lesions/Drusen/IMG0295 (3).TIF,[],['drusens'],2,0.51727295
237,237,33_DR1-2/DR1-images-by-lesions/Drusen/A (72).TIF,[],['drusens'],2,0.5169736
238,238,33_DR1-2/DR1-images-by-lesions/Drusen/c (22).TIF,[],['drusens'],3,0.25565118
239,239,33_DR1-2/DR1-images-by-lesions/Drusen/IMG0403 (8).TIF,[],['drusens'],3,0.40452194
240,240,33_DR1-2/DR1-images-by-lesions/Drusen/IMG0242 (8).TIF,[],['drusens'],2,0.63067687
241,241,33_DR1-2/DR1-images-by-lesions/Drusen/IMG0396 (6).TIF,[],['drusens'],3,0.31542322
242,242,33_DR1-2/DR1-images-by-lesions/Drusen/IMG0019 (16).TIF,[],['drusens'],3,0.4887241
243,243,33_DR1-2/DR1-images-by-lesions/Drusen/c (17).TIF,[],['drusens'],3,0.32297432
244,244,33_DR1-2/DR1-images-by-lesions/Drusen/IMG0264 (2).TIF,[],['drusens'],3,0.32729504
245,245,33_DR1-2/DR1-images-by-lesions/Drusen/IMG0217 (3).TIF,[],['drusens'],3,0.31960708
246,246,33_DR1-2/DR1-images-by-lesions/Drusen/IMG0262 (2).TIF,[],['drusens'],3,0.27961323
247,247,33_DR1-2/DR1-images-by-lesions/Drusen/IMG0246 (11).TIF,[],['drusens'],3,0.26818112
248,248,33_DR1-2/DR1-images-by-lesions/Drusen/A (75).TIF,[],['drusens'],3,0.26682577
249,249,33_DR1-2/DR1-images-by-lesions/Drusen/IMG0255 (4).TIF,[],['drusens'],3,0.43277037
250,250,33_DR1-2/DR1-images-by-lesions/Drusen/IMG0021 (13).TIF,[],['drusens'],3,0.36809275
251,251,33_DR1-2/DR1-images-by-lesions/Drusen/A (84).TIF,[],['drusens'],2,0.57214
252,252,33_DR1-2/DR1-images-by-lesions/Drusen/IMG0026 (12).TIF,[],['drusens'],3,0.3018068
253,253,33_DR1-2/DR1-images-by-lesions/Drusen/A (71).TIF,[],['drusens'],3,0.49318898
254,254,33_DR1-2/DR1-images-by-lesions/Drusen/IMG0292 (4).TIF,[],['drusens'],3,0.3412548
255,255,33_DR1-2/DR1-images-by-lesions/Drusen/IMG0345 (4).TIF,[],['drusens'],3,0.26650593
256,256,33_DR1-2/DR1-images-by-lesions/Drusen/IMG0133.TIF,[],['drusens'],3,0.49980962
257,257,33_DR1-2/DR1-images-by-lesions/Drusen/IMG0140 (8).TIF,[],['drusens'],3,0.47823298
258,258,33_DR1-2/DR1-images-by-lesions/Drusen/B (84).TIF,[],['drusens'],3,0.34238538
259,259,33_DR1-2/DR1-images-by-lesions/Drusen/IMG0095 (5).TIF,[],['drusens'],3,0.35604328
260,260,33_DR1-2/DR1-images-by-lesions/Drusen/IMG0324 (11).TIF,[],['drusens'],3,0.46651033
261,261,33_DR1-2/DR1-images-by-lesions/Drusen/IMG0094 (3).TIF,[],['drusens'],3,0.3859012
262,262,33_DR1-2/DR1-images-by-lesions/Drusen/IMG0027 (10).TIF,[],['drusens'],3,0.3115848
263,263,33_DR1-2/DR1-images-by-lesions/Drusen/IMG0057 (10).TIF,[],['drusens'],3,0.29580683
264,264,33_DR1-2/DR1-images-by-lesions/Drusen/IMG0111 (6).TIF,[],['drusens'],3,0.3271257
265,265,33_DR1-2/DR1-images-by-lesions/Drusen/IMG0051 (12).TIF,[],['drusens'],4,0.24395084
266,266,33_DR1-2/DR1-images-by-lesions/Drusen/IMG0073.TIF,[],['drusens'],3,0.39051256
267,267,33_DR1-2/DR1-images-by-lesions/Drusen/IMG0028 (11).TIF,[],['drusens'],4,0.1749845
268,268,33_DR1-2/DR1-images-by-lesions/Drusen/IMG0266 (5).TIF,[],['drusens'],3,0.3271257
269,269,33_DR1-2/DR1-images-by-lesions/Drusen/IMG0134.TIF,[],['drusens'],3,0.2608804
270,270,33_DR1-2/DR1-images-by-lesions/Drusen/IMG0143 (9).TIF,[],['drusens'],3,0.29516855
271,271,33_DR1-2/DR1-images-by-lesions/Drusen/IMG0239 (3).TIF,[],['drusens'],3,0.2842511
272,272,33_DR1-2/DR1-images-by-lesions/Drusen/IMG0074.TIF,[],['drusens'],3,0.38042513
273,273,33_DR1-2/DR1-images-by-lesions/Drusen/IMG0029 (9).TIF,[],['drusens'],4,0.21544832
274,274,33_DR1-2/DR1-images-by-lesions/Drusen/c (18).TIF,[],['drusens'],3,0.30163762
275,275,33_DR1-2/DR1-images-by-lesions/Drusen/IMG0075.TIF,[],['drusens'],4,0.24274468
276,276,33_DR1-2/DR1-images-by-lesions/Drusen/IMG0014 (20).TIF,[],['drusens'],3,0.33239818
277,277,33_DR1-2/DR1-images-by-lesions/Drusen/IMG0276 (4).TIF,[],['drusens'],3,0.3830232
278,278,33_DR1-2/DR1-images-by-lesions/Drusen/IMG0205 (7).TIF,[],['drusens'],3,0.42150116
279,279,33_DR1-2/DR1-images-by-lesions/Drusen/IMG0139 (8).TIF,[],['drusens'],3,0.4193136
280,280,33_DR1-2/DR1-images-by-lesions/Drusen/IMG0125 (5).TIF,[],['drusens'],3,0.29677317
281,281,33_DR1-2/DR1-images-by-lesions/Drusen/c (23).TIF,[],['drusens'],2,0.5049157
282,282,33_DR1-2/DR1-images-by-lesions/Drusen/IMG0291 (6).TIF,[],['drusens'],3,0.38796574
283,283,33_DR1-2/DR1-images-by-lesions/Drusen/IMG0001 (8).TIF,[],['drusens'],4,0.23572128
284,284,33_DR1-2/DR1-images-by-lesions/Drusen/IMG0249 (8).TIF,[],['drusens'],3,0.2696531
285,285,33_DR1-2/DR1-images-by-lesions/Drusen/IMG0173 (8).TIF,[],['drusens'],3,0.36377385
286,286,33_DR1-2/DR1-images-by-lesions/Drusen/IMG0132 (5).TIF,[],['drusens'],3,0.3506781
287,287,33_DR1-2/DR1-images-by-lesions/Drusen/IMG0265 (2).TIF,[],['drusens'],3,0.3607691
288,288,33_DR1-2/DR1-images-by-lesions/Drusen/IMG0497 (7).TIF,[],['drusens'],3,0.3572053
289,289,33_DR1-2/DR1-images-by-lesions/Drusen/IMG0250 (9).TIF,[],['drusens'],3,0.34052363
290,290,33_DR1-2/DR1-images-by-lesions/Drusen/IMG0119 (6).TIF,[],['drusens'],3,0.4543986
291,291,33_DR1-2/DR1-images-by-lesions/Drusen/IMG0606 (5).TIF,[],['drusens'],3,0.2914378
292,292,33_DR1-2/DR1-images-by-lesions/Drusen/IMG0058 (12).TIF,[],['drusens'],3,0.29769176
293,293,33_DR1-2/DR1-images-by-lesions/Drusen/IMG0320 (12).TIF,[],['drusens'],3,0.2936742
294,294,33_DR1-2/DR1-images-by-lesions/Drusen/IMG0247 (8).TIF,[],['drusens'],4,0.19639158
295,295,33_DR1-2/DR1-images-by-lesions/Drusen/IMG0550 (3).TIF,[],['drusens'],3,0.4063261
296,296,33_DR1-2/DR1-images-by-lesions/Drusen/IMG0003 (11).TIF,[],['drusens'],4,0.16081335
297,297,33_DR1-2/DR1-images-by-lesions/Drusen/IMG0257 (3).TIF,[],['drusens'],3,0.26841107
298,298,33_DR1-2/DR1-images-by-lesions/Drusen/IMG0258 (6).TIF,[],['drusens'],2,0.56780225
299,299,33_DR1-2/DR1-images-by-lesions/Drusen/IMG0256 (4).TIF,[],['drusens'],3,0.3656545
300,300,33_DR1-2/DR1-images-by-lesions/Drusen/B.TIF,[],['drusens'],2,0.57214
301,301,33_DR1-2/DR1-images-by-lesions/Drusen/IMG0012 (21).TIF,[],['drusens'],3,0.33532166
302,302,33_DR1-2/DR1-images-by-lesions/Drusen/IMG0229 (9).TIF,[],['drusens'],3,0.3630836
303,303,33_DR1-2/DR1-images-by-lesions/Drusen/IMG0138 (8).TIF,[],['drusens'],3,0.43654895
304,304,33_DR1-2/DR1-images-by-lesions/Drusen/IMG0802 (3).TIF,[],['drusens'],3,0.34557873
305,305,33_DR1-2/DR1-images-by-lesions/Drusen/IMG0522.TIF,[],['drusens'],3,0.39933604
306,306,33_DR1-2/DR1-images-by-lesions/Drusen/IMG0601 (6).TIF,[],['drusens'],3,0.4598463
307,307,33_DR1-2/DR1-images-by-lesions/Drusen/IMG0099 (3).TIF,[],['drusens'],3,0.36224723
308,308,33_DR1-2/DR1-images-by-lesions/Drusen/IMG0259 (6).TIF,[],['drusens'],4,0.19395213
309,309,33_DR1-2/DR1-images-by-lesions/Drusen/IMG0133 (4).TIF,[],['drusens'],3,0.34746122
310,310,33_DR1-2/DR1-images-by-lesions/Drusen/IMG0259 (4).TIF,[],['drusens'],3,0.4206716
311,311,33_DR1-2/DR1-images-by-lesions/Drusen/IMG0231 (6).TIF,[],['drusens'],3,0.3559754
312,312,33_DR1-2/DR1-images-by-lesions/Drusen/c (21).TIF,[],['drusens'],3,0.36828542
313,313,33_DR1-2/DR1-images-by-lesions/Drusen/IMG0124 (7).TIF,[],['drusens'],4,0.23196651
314,314,33_DR1-2/DR1-images-by-lesions/Drusen/IMG0549 (4).TIF,[],['drusens'],3,0.4288932
315,315,33_DR1-2/DR1-images-by-lesions/Drusen/IMG0499 (7).TIF,[],['drusens'],3,0.36041817
316,316,33_DR1-2/DR1-images-by-lesions/Drusen/IMG0054 (13).TIF,[],['drusens'],3,0.3630836
317,317,33_DR1-2/DR1-images-by-lesions/Drusen/IMG0116 (8).TIF,[],['drusens'],3,0.28115213
318,318,33_DR1-2/DR1-images-by-lesions/Drusen/IMG0115 (9).TIF,[],['drusens'],3,0.2508637
319,319,33_DR1-2/DR1-images-by-lesions/Drusen/IMG0394 (9).TIF,[],['drusens'],3,0.44426924
320,320,33_DR1-2/DR1-images-by-lesions/Drusen/IMG0341 (6).TIF,[],['drusens'],2,0.50174683
321,321,33_DR1-2/DR1-images-by-lesions/Drusen/IMG0094 (7).TIF,[],['drusens'],3,0.26057762
322,322,33_DR1-2/DR1-images-by-lesions/Drusen/IMG0025 (13).TIF,[],['drusens'],3,0.42053768
323,323,33_DR1-2/DR1-images-by-lesions/Drusen/IMG0546.TIF,[],['drusens'],3,0.28052223
324,324,33_DR1-2/DR1-images-by-lesions/Drusen/IMG0115 (7).TIF,[],['drusens'],3,0.39305556
325,325,33_DR1-2/DR1-images-by-lesions/Drusen/IMG0263 (5).TIF,[],['drusens'],4,0.24267742
326,326,33_DR1-2/DR1-images-by-lesions/Drusen/IMG0496 (8).TIF,[],['drusens'],3,0.4028632
327,327,33_DR1-2/DR1-images-by-lesions/Drusen/IMG0261 (2).TIF,[],['drusens'],3,0.284512
328,328,33_DR1-2/DR1-images-by-lesions/Drusen/IMG0105 (7).TIF,[],['drusens'],3,0.3334949
329,329,33_DR1-2/DR1-images-by-lesions/Drusen/IMG0401 (8).TIF,[],['drusens'],3,0.32516092
330,330,33_DR1-2/DR1-images-by-lesions/Drusen/y (2).TIF,[],['drusens'],3,0.35333475
331,331,33_DR1-2/DR1-images-by-lesions/Drusen/IMG0232 (9).TIF,[],['drusens'],3,0.29580683
332,332,33_DR1-2/DR1-images-by-lesions/Drusen/IMG0523.TIF,[],['drusens'],3,0.36019918
333,333,33_DR1-2/DR1-images-by-lesions/Drusen/IMG0260 (4).TIF,[],['drusens'],3,0.40090808
334,334,33_DR1-2/DR1-images-by-lesions/Drusen/IMG0056 (12).TIF,[],['drusens'],3,0.3559754
335,335,33_DR1-2/DR1-images-by-lesions/Drusen/IMG0144 (7).TIF,[],['drusens'],3,0.49420774
336,336,33_DR1-2/DR1-images-by-lesions/Drusen/IMG0024 (7).TIF,[],['drusens'],4,0.2459934
337,337,33_DR1-2/DR1-images-by-lesions/Drusen/IMG0023 (7).TIF,[],['drusens'],3,0.26177058
338,338,33_DR1-2/DR1-images-by-lesions/Drusen/IMG0248 (8).TIF,[],['drusens'],3,0.36433777
339,339,33_DR1-2/DR1-images-by-lesions/Drusen/IMG0291 (11).TIF,[],['drusens'],3,0.34455296
340,340,33_DR1-2/DR1-images-by-lesions/Drusen/IMG0261 (3).TIF,[],['drusens'],3,0.38664067
341,341,33_DR1-2/DR1-images-by-lesions/Drusen/IMG0004 (9).TIF,[],['drusens'],3,0.25888675
342,342,33_DR1-2/DR1-images-by-lesions/Drusen/IMG0258 (4).TIF,[],['drusens'],3,0.32753733
343,343,33_DR1-2/DR1-images-by-lesions/Drusen/c (20).TIF,[],['drusens'],3,0.40252677
344,344,33_DR1-2/DR1-images-by-lesions/Drusen/IMG0545.TIF,[],['drusens'],3,0.3524042
345,345,33_DR1-2/DR1-images-by-lesions/Drusen/IMG0004 (7).TIF,[],['drusens'],3,0.2829454
346,346,33_DR1-2/DR1-images-by-lesions/Drusen/c (19).TIF,[],['drusens'],3,0.37676826
347,347,33_DR1-2/DR1-images-by-lesions/Drusen/IMG0282.TIF,[],['drusens'],3,0.39674124
348,348,33_DR1-2/DR1-images-by-lesions/Drusen/IMG0107 (8).TIF,[],['drusens'],3,0.3177002
349,349,33_DR1-2/DR1-images-by-lesions/Drusen/IMG0206 (7).TIF,[],['drusens'],4,0.22269575
350,350,33_DR1-2/DR1-images-by-lesions/Drusen/IMG0264 (6).TIF,[],['drusens'],2,0.60858405
351,351,33_DR1-2/DR1-images-by-lesions/Drusen/A (76).TIF,[],['drusens'],4,0.23325616
352,352,33_DR1-2/DR1-images-by-lesions/Drusen/IMG0262 (5).TIF,[],['drusens'],3,0.3177002
353,353,33_DR1-2/DR1-images-by-lesions/Drusen/IMG0106 (5).TIF,[],['drusens'],3,0.33238044
354,354,33_DR1-2/DR1-images-by-lesions/Drusen/IMG0113 (7).TIF,[],['drusens'],2,0.62981844
355,355,33_DR1-2/DR1-images-by-lesions/Drusen/IMG0104 (15).TIF,[],['drusens'],3,0.45407802
356,356,33_DR1-2/DR1-images-by-lesions/Drusen/IMG0498 (8).TIF,[],['drusens'],3,0.46153474
357,357,33_DR1-2/DR1-images-by-lesions/Drusen/IMG0142 (8).TIF,[],['drusens'],4,0.24001934
358,358,33_DR1-2/DR1-images-by-lesions/Drusen/IMG0230 (10).TIF,[],['drusens'],3,0.32407087
359,359,33_DR1-2/DR1-images-by-lesions/Drusen/IMG0005 (11).TIF,[],['drusens'],3,0.48025656
360,360,33_DR1-2/DR1-images-by-lesions/Drusen/IMG0548 (4).TIF,[],['drusens'],3,0.27033228
361,361,33_DR1-2/DR1-images-by-lesions/Drusen/IMG0008 (3).TIF,[],['drusens'],3,0.25840026
362,362,33_DR1-2/DR1-images-by-lesions/Drusen/IMG0260 (6).TIF,[],['drusens'],3,0.28934297
363,363,33_DR1-2/DR1-images-by-lesions/Drusen/IMG0547.TIF,[],['drusens'],3,0.33833304
364,364,33_DR1-2/DR1-images-by-lesions/Drusen/IMG0254 (5).TIF,[],['drusens'],3,0.3896883
365,365,33_DR1-2/DR1-images-by-lesions/Drusen/IMG0072.TIF,[],['drusens'],3,0.44128707
366,366,33_DR1-2/DR1-images-by-lesions/Drusen/IMG0011 (22).TIF,[],['drusens'],4,0.24847126
367,367,33_DR1-2/DR1-images-by-lesions/Drusen/IMG0029 (10).TIF,[],['drusens'],3,0.37163624
368,368,33_DR1-2/DR1-images-by-lesions/Drusen/IMG0322 (9).TIF,[],['drusens'],3,0.29472974
369,369,33_DR1-2/DR1-images-by-lesions/Drusen/IMG0004 (16).TIF,[],['drusens'],2,0.64547676
370,370,33_DR1-2/DR1-images-by-lesions/Drusen/IMG0025 (12).TIF,[],['drusens'],3,0.25091806
371,371,33_DR1-2/DR1-images-by-lesions/Drusen/IMG0030 (9).TIF,[],['drusens'],4,0.19088939
372,372,33_DR1-2/DR1-images-by-lesions/Drusen/IMG0020 (12).TIF,[],['drusens'],3,0.32610956
373,373,33_DR1-2/DR1-images-by-lesions/Drusen/IMG0052 (12).TIF,[],['drusens'],3,0.30444103
374,374,33_DR1-2/DR1-images-by-lesions/Drusen/IMG0006 (8).TIF,[],['drusens'],3,0.37501422
375,375,33_DR1-2/DR2-images-by-lesions/Drusen/IM000726.JPG,[],['drusens'],3,0.46512374
376,376,33_DR1-2/DR2-images-by-lesions/Drusen/IM000336.JPG,[],['drusens'],4,0.23379967
377,377,33_DR1-2/DR2-images-by-lesions/Drusen/IM000685.JPG,[],['drusens'],3,0.3726654
378,378,33_DR1-2/DR2-images-by-lesions/Drusen/IM000524.JPG,[],['drusens'],3,0.30485728
379,379,33_DR1-2/DR2-images-by-lesions/Drusen/IM001225.JPG,[],['drusens'],2,0.6162474
380,380,33_DR1-2/DR2-images-by-lesions/Drusen/IM000335.JPG,[],['drusens'],3,0.37215286
381,381,33_DR1-2/DR2-images-by-lesions/Drusen/IM000454.JPG,[],['drusens'],4,0.23499146
382,382,33_DR1-2/DR2-images-by-lesions/Drusen/IM000667.JPG,[],['drusens'],3,0.2965739
383,383,33_DR1-2/DR2-images-by-lesions/Drusen/IM000461.JPG,[],['drusens'],3,0.4721814
384,384,33_DR1-2/DR2-images-by-lesions/Drusen/IM001224.JPG,[],['drusens'],3,0.27281377
385,385,33_DR1-2/DR2-images-by-lesions/Drusen/IM000548.JPG,[],['drusens'],3,0.44810727
386,386,33_DR1-2/DR2-images-by-lesions/Drusen/IM000414.JPG,[],['drusens'],3,0.26481622
387,387,33_DR1-2/DR2-images-by-lesions/Drusen/IM000686.JPG,[],['drusens'],3,0.43389168
388,388,33_DR1-2/DR2-images-by-lesions/Drusen/IM000333.JPG,[],['drusens'],3,0.4214241
389,389,33_DR1-2/DR2-images-by-lesions/Drusen/IM001222.JPG,[],['drusens'],3,0.3102893
390,390,33_DR1-2/DR2-images-by-lesions/Drusen/IM000469.JPG,[],['drusens'],2,0.50948125
391,391,33_DR1-2/DR2-images-by-lesions/Drusen/IM000544.JPG,[],['drusens'],3,0.4517965
392,392,33_DR1-2/DR2-images-by-lesions/Drusen/IM000525.JPG,[],['drusens'],3,0.38096642
393,393,33_DR1-2/DR2-images-by-lesions/Drusen/IM000725.JPG,[],['drusens'],3,0.40637547
394,394,33_DR1-2/DR2-images-by-lesions/Drusen/IM001147.JPG,[],['drusens'],2,0.5397501
395,395,33_DR1-2/DR2-images-by-lesions/Drusen/IM000337.JPG,[],['drusens'],3,0.42187425
396,396,33_DR1-2/DR2-images-by-lesions/Drusen/IM000470.JPG,[],['drusens'],3,0.34669808
397,397,33_DR1-2/DR2-images-by-lesions/Drusen/IM000523.JPG,[],['drusens'],3,0.4986993
398,398,33_DR1-2/DR2-images-by-lesions/Drusen/IM000417.JPG,[],['drusens'],3,0.45153937
399,399,33_DR1-2/DR2-images-by-lesions/Drusen/IM000845.JPG,[],['drusens'],3,0.35518473
400,400,33_DR1-2/DR2-images-by-lesions/Drusen/IM000727.JPG,[],['drusens'],3,0.3586693
401,401,33_DR1-2/DR2-images-by-lesions/Drusen/IM000704.JPG,[],['drusens'],3,0.32127985
402,402,33_DR1-2/DR2-images-by-lesions/Drusen/IM000677.JPG,[],['drusens'],3,0.3829392
403,403,33_DR1-2/DR2-images-by-lesions/Drusen/IM000794.JPG,[],['drusens'],3,0.44617614
404,404,33_DR1-2/DR2-images-by-lesions/Drusen/IM000684.JPG,[],['drusens'],3,0.35565358
405,405,33_DR1-2/DR2-images-by-lesions/Drusen/IM000683.JPG,[],['drusens'],2,0.53901535
406,406,33_DR1-2/DR2-images-by-lesions/Drusen/IM000418.JPG,[],['drusens'],3,0.37001896
407,407,33_DR1-2/DR2-images-by-lesions/Drusen/IM000550.JPG,[],['drusens'],2,0.5046037
408,408,33_DR1-2/DR2-images-by-lesions/Drusen/IM000521.JPG,[],['drusens'],3,0.29554716
409,409,33_DR1-2/DR2-images-by-lesions/Drusen/IM001143.JPG,[],['drusens'],2,0.532501
410,410,33_DR1-2/DR2-images-by-lesions/Drusen/IM000546.JPG,[],['drusens'],2,0.5837779
411,411,33_DR1-2/DR2-images-by-lesions/Drusen/IM000847.JPG,[],['drusens'],3,0.32719928
412,412,33_DR1-2/DR2-images-by-lesions/Drusen/IM000463.JPG,[],['drusens'],3,0.43568552
413,413,33_DR1-2/DR2-images-by-lesions/Drusen/IM000314.JPG,[],['drusens'],3,0.31503066
414,414,33_DR1-2/DR2-images-by-lesions/Drusen/IM000793.JPG,[],['drusens'],2,0.5338972
415,415,33_DR1-2/DR2-images-by-lesions/Drusen/IM001064.JPG,[],['drusens'],3,0.34997857
416,416,33_DR1-2/DR2-images-by-lesions/Drusen/IM000587.JPG,[],['drusens'],2,0.68993413
417,417,33_DR1-2/DR2-images-by-lesions/Drusen/IM001146.JPG,[],['drusens'],2,0.5457135
418,418,33_DR1-2/DR2-images-by-lesions/Drusen/IM000313.JPG,[],['drusens'],2,0.5366929
419,419,33_DR1-2/DR2-images-by-lesions/Drusen/IM000160.JPG,[],['drusens'],3,0.44621325
420,420,33_DR1-2/DR2-images-by-lesions/Drusen/IM001221.JPG,[],['drusens'],3,0.26957527
421,421,33_DR1-2/DR2-images-by-lesions/Drusen/IM000359.JPG,[],['drusens'],4,0.22435094
422,422,33_DR1-2/DR2-images-by-lesions/Drusen/IM000589.JPG,[],['drusens'],3,0.39035258
423,423,33_DR1-2/DR2-images-by-lesions/Drusen/IM000777.JPG,[],['drusens'],3,0.33373436
424,424,33_DR1-2/DR2-images-by-lesions/Drusen/IM000451.JPG,[],['drusens'],3,0.4341291
425,425,33_DR1-2/DR1-images-by-lesions/Hard Exudates/IMG0599 (6).TIF,[],['hard exudates'],3,0.36970156
426,426,33_DR1-2/DR1-images-by-lesions/Hard Exudates/IMG0475 (6).TIF,[],['hard exudates'],3,0.311331
427,427,33_DR1-2/DR1-images-by-lesions/Hard Exudates/IMG0544 (7).TIF,[],['hard exudates'],4,0.23826721
428,428,33_DR1-2/DR1-images-by-lesions/Hard Exudates/IMG0250 (10).TIF,[],['hard exudates'],3,0.44961503
429,429,33_DR1-2/DR1-images-by-lesions/Hard Exudates/IMG0184 (4).TIF,[],['hard exudates'],2,0.5234143
430,430,33_DR1-2/DR1-images-by-lesions/Hard Exudates/IMG0481 (2).TIF,[],['hard exudates'],3,0.3577205
431,431,33_DR1-2/DR1-images-by-lesions/Hard Exudates/IMG0146 (2).TIF,[],['hard exudates'],3,0.3685821
432,432,33_DR1-2/DR1-images-by-lesions/Hard Exudates/IMG0290.TIF,[],['hard exudates'],3,0.30076364
433,433,33_DR1-2/DR1-images-by-lesions/Hard Exudates/IMG0002 (4).TIF,[],['hard exudates'],3,0.25882065
434,434,33_DR1-2/DR1-images-by-lesions/Hard Exudates/IMG0192 (7).TIF,[],['hard exudates'],3,0.48085183
435,435,33_DR1-2/DR1-images-by-lesions/Hard Exudates/IMG0217 (3).TIF,[],['hard exudates'],4,0.23412839
436,436,33_DR1-2/DR1-images-by-lesions/Hard Exudates/c (118).TIF,[],['hard exudates'],3,0.26487252
437,437,33_DR1-2/DR1-images-by-lesions/Hard Exudates/IMG0488 (4).TIF,[],['hard exudates'],3,0.35723695
438,438,33_DR1-2/DR1-images-by-lesions/Hard Exudates/IMG0010 (7).TIF,[],['hard exudates'],4,0.23551996
439,439,33_DR1-2/DR1-images-by-lesions/Hard Exudates/IMG0537.TIF,[],['hard exudates'],3,0.4327641
440,440,33_DR1-2/DR1-images-by-lesions/Hard Exudates/IMG0108.TIF,[],['hard exudates'],3,0.27152207
441,441,33_DR1-2/DR1-images-by-lesions/Hard Exudates/IMG0193 (4).TIF,[],['hard exudates'],3,0.26360273
442,442,33_DR1-2/DR1-images-by-lesions/Hard Exudates/IMG0269 (6).TIF,[],['hard exudates'],3,0.2652498
443,443,33_DR1-2/DR1-images-by-lesions/Hard Exudates/IMG0045.TIF,[],['hard exudates'],2,0.54052466
444,444,33_DR1-2/DR1-images-by-lesions/Hard Exudates/A (152).TIF,[],['hard exudates'],4,0.24293274
445,445,33_DR1-2/DR1-images-by-lesions/Hard Exudates/IMG0587 (3).TIF,[],['hard exudates'],3,0.40262496
446,446,33_DR1-2/DR1-images-by-lesions/Hard Exudates/IMG0200 (8).TIF,[],['hard exudates'],4,0.20763803
447,447,33_DR1-2/DR1-images-by-lesions/Hard Exudates/IMG0312 (7).TIF,[],['hard exudates'],3,0.33463597
448,448,33_DR1-2/DR1-images-by-lesions/Hard Exudates/IMG0416 (2).TIF,[],['hard exudates'],3,0.4996969
449,449,33_DR1-2/DR1-images-by-lesions/Hard Exudates/IMG0414 (2).TIF,[],['hard exudates'],3,0.41426945
450,450,33_DR1-2/DR1-images-by-lesions/Hard Exudates/IMG0345 (4).TIF,[],['hard exudates'],4,0.23861636
451,451,33_DR1-2/DR1-images-by-lesions/Hard Exudates/IMG0133.TIF,[],['hard exudates'],3,0.3528486
452,452,33_DR1-2/DR1-images-by-lesions/Hard Exudates/IMG0001 (4).TIF,[],['hard exudates'],2,0.51791894
453,453,33_DR1-2/DR1-images-by-lesions/Hard Exudates/IMG0207 (11).TIF,[],['hard exudates'],3,0.3570689
454,454,33_DR1-2/DR1-images-by-lesions/Hard Exudates/IMG0303.TIF,[],['hard exudates'],3,0.36551112
455,455,33_DR1-2/DR1-images-by-lesions/Hard Exudates/IMG0143 (15).TIF,[],['hard exudates'],4,0.21160778
456,456,33_DR1-2/DR1-images-by-lesions/Hard Exudates/IMG0207 (14).TIF,[],['hard exudates'],4,0.22669272
457,457,33_DR1-2/DR1-images-by-lesions/Hard Exudates/IMG0335 (3).TIF,[],['hard exudates'],3,0.26306927
458,458,33_DR1-2/DR1-images-by-lesions/Hard Exudates/A (151).TIF,[],['hard exudates'],3,0.3574942
459,459,33_DR1-2/DR1-images-by-lesions/Hard Exudates/IMG0485 (5).TIF,[],['hard exudates'],3,0.3001958
460,460,33_DR1-2/DR1-images-by-lesions/Hard Exudates/IMG0477 (7).TIF,[],['hard exudates'],3,0.47867402
461,461,33_DR1-2/DR1-images-by-lesions/Hard Exudates/IMG0259 (7).TIF,[],['hard exudates'],4,0.22056115
462,462,33_DR1-2/DR1-images-by-lesions/Hard Exudates/IMG0487 (7).TIF,[],['hard exudates'],3,0.43474856
463,463,33_DR1-2/DR1-images-by-lesions/Hard Exudates/IMG0536.TIF,[],['hard exudates'],3,0.4097757
464,464,33_DR1-2/DR1-images-by-lesions/Hard Exudates/A (3).TIF,[],['hard exudates'],2,0.6178827
465,465,33_DR1-2/DR1-images-by-lesions/Hard Exudates/IMG0464 (5).TIF,[],['hard exudates'],3,0.31352836
466,466,33_DR1-2/DR1-images-by-lesions/Hard Exudates/IMG0216 (4).TIF,[],['hard exudates'],2,0.5226585
467,467,33_DR1-2/DR1-images-by-lesions/Hard Exudates/IMG0484 (8).TIF,[],['hard exudates'],3,0.45764905
468,468,33_DR1-2/DR1-images-by-lesions/Hard Exudates/IMG0044.TIF,[],['hard exudates'],3,0.26392394
469,469,33_DR1-2/DR1-images-by-lesions/Hard Exudates/iujbpol (62).TIF,[],['hard exudates'],2,0.50396615
470,470,33_DR1-2/DR1-images-by-lesions/Hard Exudates/c (119).TIF,[],['hard exudates'],3,0.36234173
471,471,33_DR1-2/DR1-images-by-lesions/Hard Exudates/IMG0412 (7).TIF,[],['hard exudates'],3,0.2726163
472,472,33_DR1-2/DR1-images-by-lesions/Hard Exudates/IMG0334 (3).TIF,[],['hard exudates'],3,0.3569254
473,473,33_DR1-2/DR1-images-by-lesions/Hard Exudates/IMG0109.TIF,[],['hard exudates'],3,0.3596601
474,474,33_DR1-2/DR1-images-by-lesions/Hard Exudates/IMG0185 (3).TIF,[],['hard exudates'],3,0.4554966
475,475,33_DR1-2/DR1-images-by-lesions/Hard Exudates/IMG0484 (5).TIF,[],['hard exudates'],3,0.3429229
476,476,33_DR1-2/DR1-images-by-lesions/Hard Exudates/IMG0457 (3).TIF,[],['hard exudates'],3,0.3807515
477,477,33_DR1-2/DR1-images-by-lesions/Hard Exudates/IMG0485 (7).TIF,[],['hard exudates'],2,0.6054292
478,478,33_DR1-2/DR1-images-by-lesions/Hard Exudates/IMG0106 (8).TIF,[],['hard exudates'],3,0.2953259
479,479,33_DR1-2/DR1-images-by-lesions/Hard Exudates/IMG0163 (10).TIF,[],['hard exudates'],3,0.33070865
480,480,33_DR1-2/DR1-images-by-lesions/Hard Exudates/IMG0047.TIF,[],['hard exudates'],3,0.2776516
481,481,33_DR1-2/DR1-images-by-lesions/Hard Exudates/IMG0482 (4).TIF,[],['hard exudates'],3,0.4078888
482,482,33_DR1-2/DR1-images-by-lesions/Hard Exudates/IMG0426 (3).TIF,[],['hard exudates'],3,0.3631595
483,483,33_DR1-2/DR1-images-by-lesions/Hard Exudates/IMG0256 (3).TIF,[],['hard exudates'],4,0.19743851
484,484,33_DR1-2/DR1-images-by-lesions/Hard Exudates/IMG0740 (2).TIF,[],['hard exudates'],3,0.2930532
485,485,33_DR1-2/DR1-images-by-lesions/Hard Exudates/IMG0255 (3).TIF,[],['hard exudates'],3,0.302724
486,486,33_DR1-2/DR1-images-by-lesions/Hard Exudates/IMG0088 (10).TIF,[],['hard exudates'],4,0.24549589
487,487,33_DR1-2/DR1-images-by-lesions/Hard Exudates/IMG0459 (6).TIF,[],['hard exudates'],3,0.30857715
488,488,33_DR1-2/DR1-images-by-lesions/Hard Exudates/IMG0592 (5).TIF,[],['hard exudates'],3,0.39483765
489,489,33_DR1-2/DR1-images-by-lesions/Hard Exudates/IMG0418 (2).TIF,[],['hard exudates'],3,0.26198253
490,490,33_DR1-2/DR1-images-by-lesions/Hard Exudates/IMG0410 (8).TIF,[],['hard exudates'],3,0.2541986
491,491,33_DR1-2/DR1-images-by-lesions/Hard Exudates/IMG0090 (10).TIF,[],['hard exudates'],3,0.42199284
492,492,33_DR1-2/DR1-images-by-lesions/Hard Exudates/IMG0479 (4).TIF,[],['hard exudates'],3,0.39303067
493,493,33_DR1-2/DR1-images-by-lesions/Hard Exudates/IMG0465 (6).TIF,[],['hard exudates'],3,0.4535041
494,494,33_DR1-2/DR1-images-by-lesions/Hard Exudates/IMG0468 (6).TIF,[],['hard exudates'],3,0.35041618
495,495,33_DR1-2/DR1-images-by-lesions/Hard Exudates/IMG0134.TIF,[],['hard exudates'],3,0.32559258
496,496,33_DR1-2/DR1-images-by-lesions/Hard Exudates/IMG0587.TIF,[],['hard exudates'],2,0.54981655
497,497,33_DR1-2/DR1-images-by-lesions/Hard Exudates/IMG0014 (4).TIF,[],['hard exudates'],3,0.27659085
498,498,33_DR1-2/DR1-images-by-lesions/Hard Exudates/IMG0458 (2).TIF,[],['hard exudates'],4,0.24414816
499,499,33_DR1-2/DR1-images-by-lesions/Hard Exudates/B (79).TIF,[],['hard exudates'],3,0.3831546
500,500,33_DR1-2/DR1-images-by-lesions/Hard Exudates/IMG0019 (7).TIF,[],['hard exudates'],2,0.5061099
501,501,33_DR1-2/DR1-images-by-lesions/Hard Exudates/IMG0586.TIF,[],['hard exudates'],3,0.41593885
502,502,33_DR1-2/DR1-images-by-lesions/Hard Exudates/IMG0256 (7).TIF,[],['hard exudates'],3,0.28009084
503,503,33_DR1-2/DR1-images-by-lesions/Hard Exudates/IMG0352 (4).TIF,[],['hard exudates'],2,0.5188832
504,504,33_DR1-2/DR1-images-by-lesions/Hard Exudates/IMG0315.TIF,[],['hard exudates'],3,0.30838233
505,505,33_DR1-2/DR1-images-by-lesions/Hard Exudates/IMG0119 (2).TIF,[],['hard exudates'],2,0.5437935
506,506,33_DR1-2/DR1-images-by-lesions/Hard Exudates/IMG0176 (7).TIF,[],['hard exudates'],3,0.28862345
507,507,33_DR1-2/DR1-images-by-lesions/Hard Exudates/IMG0245 (2).TIF,[],['hard exudates'],3,0.2986732
508,508,33_DR1-2/DR1-images-by-lesions/Hard Exudates/A (144).TIF,[],['hard exudates'],3,0.35931253
509,509,33_DR1-2/DR1-images-by-lesions/Hard Exudates/IMG0201 (4).TIF,[],['hard exudates'],3,0.35103002
510,510,33_DR1-2/DR1-images-by-lesions/Hard Exudates/IMG0554.TIF,[],['hard exudates'],4,0.24789086
511,511,33_DR1-2/DR1-images-by-lesions/Hard Exudates/IMG0103 (9).TIF,[],['hard exudates'],3,0.31807998
512,512,33_DR1-2/DR1-images-by-lesions/Hard Exudates/IMG0012 (14).TIF,[],['hard exudates'],3,0.27293837
513,513,33_DR1-2/DR1-images-by-lesions/Hard Exudates/iujbpol (16).TIF,[],['hard exudates'],3,0.34274265
514,514,33_DR1-2/DR1-images-by-lesions/Hard Exudates/IMG0073 (6).TIF,[],['hard exudates'],3,0.40713874
515,515,33_DR1-2/DR1-images-by-lesions/Hard Exudates/IMG0488 (6).TIF,[],['hard exudates'],3,0.30748078
516,516,33_DR1-2/DR1-images-by-lesions/Hard Exudates/IMG0348 (11).TIF,[],['hard exudates'],3,0.3524474
517,517,33_DR1-2/DR1-images-by-lesions/Hard Exudates/IMG0148 (2).TIF,[],['hard exudates'],3,0.45772454
518,518,33_DR1-2/DR1-images-by-lesions/Hard Exudates/IMG0482 (5).TIF,[],['hard exudates'],4,0.24350391
519,519,33_DR1-2/DR1-images-by-lesions/Hard Exudates/IMG0201 (11).TIF,[],['hard exudates'],3,0.2988313
520,520,33_DR1-2/DR1-images-by-lesions/Hard Exudates/IMG0254 (8).TIF,[],['hard exudates'],1,1.0
521,521,33_DR1-2/DR1-images-by-lesions/Hard Exudates/IMG0110 (8).TIF,[],['hard exudates'],4,0.24226119
522,522,33_DR1-2/DR1-images-by-lesions/Hard Exudates/IMG0773 (2).TIF,[],['hard exudates'],3,0.28692585
523,523,33_DR1-2/DR1-images-by-lesions/Hard Exudates/IMG0023 (11).TIF,[],['hard exudates'],3,0.31503853
524,524,33_DR1-2/DR1-images-by-lesions/Hard Exudates/IMG0249 (6).TIF,[],['hard exudates'],3,0.32349217
525,525,33_DR1-2/DR1-images-by-lesions/Hard Exudates/IMG0350 (11).TIF,[],['hard exudates'],3,0.283661
526,526,33_DR1-2/DR1-images-by-lesions/Hard Exudates/B (81).TIF,[],['hard exudates'],3,0.40317476
527,527,33_DR1-2/DR1-images-by-lesions/Hard Exudates/IMG0463 (5).TIF,[],['hard exudates'],3,0.3526089
528,528,33_DR1-2/DR1-images-by-lesions/Hard Exudates/IMG0024 (11).TIF,[],['hard exudates'],3,0.42609242
529,529,33_DR1-2/DR1-images-by-lesions/Hard Exudates/IMG0600 (6).TIF,[],['hard exudates'],3,0.28737447
530,530,33_DR1-2/DR1-images-by-lesions/Hard Exudates/IMG0247 (2).TIF,[],['hard exudates'],3,0.33826274
531,531,33_DR1-2/DR1-images-by-lesions/Hard Exudates/IMG0353 (4).TIF,[],['hard exudates'],3,0.44981152
532,532,33_DR1-2/DR1-images-by-lesions/Hard Exudates/IMG0480 (2).TIF,[],['hard exudates'],4,0.20533936
533,533,33_DR1-2/DR1-images-by-lesions/Hard Exudates/IMG0427 (3).TIF,[],['hard exudates'],3,0.3723588
534,534,33_DR1-2/DR1-images-by-lesions/Hard Exudates/IMG0107 (10).TIF,[],['hard exudates'],3,0.25735375
535,535,33_DR1-2/DR1-images-by-lesions/Hard Exudates/IMG0146 (3).TIF,[],['hard exudates'],3,0.2776994
536,536,33_DR1-2/DR1-images-by-lesions/Hard Exudates/A (148).TIF,[],['hard exudates'],3,0.38215628
537,537,33_DR1-2/DR1-images-by-lesions/Hard Exudates/IMG0211 (8).TIF,[],['hard exudates'],2,0.5419585
538,538,33_DR1-2/DR1-images-by-lesions/Hard Exudates/IMG0293 (4).TIF,[],['hard exudates'],3,0.44315475
539,539,33_DR1-2/DR1-images-by-lesions/Hard Exudates/IMG0483 (18).TIF,[],['hard exudates'],4,0.16503869
540,540,33_DR1-2/DR1-images-by-lesions/Hard Exudates/IMG0152 (7).TIF,[],['hard exudates'],4,0.20791659
541,541,33_DR1-2/DR1-images-by-lesions/Hard Exudates/IMG0510 (7).TIF,[],['hard exudates'],4,0.24744888
542,542,33_DR1-2/DR1-images-by-lesions/Hard Exudates/IMG0001 (19).TIF,[],['hard exudates'],3,0.37206495
543,543,33_DR1-2/DR1-images-by-lesions/Hard Exudates/IMG0303 (12).TIF,[],['hard exudates'],2,0.6034416
544,544,33_DR1-2/DR1-images-by-lesions/Hard Exudates/c (126).TIF,[],['hard exudates'],3,0.34582236
545,545,33_DR1-2/DR1-images-by-lesions/Hard Exudates/IMG0174 (3).TIF,[],['hard exudates'],4,0.24789086
546,546,33_DR1-2/DR1-images-by-lesions/Hard Exudates/IMG0203 (8).TIF,[],['hard exudates'],3,0.44497475
547,547,33_DR1-2/DR1-images-by-lesions/Hard Exudates/IMG0509 (8).TIF,[],['hard exudates'],3,0.33573788
548,548,33_DR1-2/DR1-images-by-lesions/Hard Exudates/IMG0385 (4).TIF,[],['hard exudates'],3,0.39820632
549,549,33_DR1-2/DR1-images-by-lesions/Hard Exudates/A (162).TIF,[],['hard exudates'],3,0.36687076
550,550,33_DR1-2/DR1-images-by-lesions/Hard Exudates/A (160).TIF,[],['hard exudates'],3,0.28457254
551,551,33_DR1-2/DR1-images-by-lesions/Hard Exudates/IMG0095 (11).TIF,[],['hard exudates'],3,0.35454863
552,552,33_DR1-2/DR1-images-by-lesions/Hard Exudates/IMG0550 (2).TIF,[],['hard exudates'],3,0.2946957
553,553,33_DR1-2/DR1-images-by-lesions/Hard Exudates/IMG0208 (14).TIF,[],['hard exudates'],3,0.28497922
554,554,33_DR1-2/DR1-images-by-lesions/Hard Exudates/IMG0483 (5).TIF,[],['hard exudates'],2,0.6584317
555,555,33_DR1-2/DR1-images-by-lesions/Hard Exudates/IMG0304.TIF,[],['hard exudates'],2,0.5049624
556,556,33_DR1-2/DR1-images-by-lesions/Hard Exudates/IMG0361 (6).TIF,[],['hard exudates'],3,0.31334302
557,557,33_DR1-2/DR1-images-by-lesions/Hard Exudates/IMG0480 (3).TIF,[],['hard exudates'],2,0.5900449
558,558,33_DR1-2/DR1-images-by-lesions/Hard Exudates/IMG0337 (2).TIF,[],['hard exudates'],3,0.2567849
559,559,33_DR1-2/DR1-images-by-lesions/Hard Exudates/IMG0919.TIF,[],['hard exudates'],3,0.30952445
560,560,33_DR1-2/DR1-images-by-lesions/Hard Exudates/IMG0520.TIF,[],['hard exudates'],3,0.3849594
561,561,33_DR1-2/DR1-images-by-lesions/Hard Exudates/IMG0010 (5).TIF,[],['hard exudates'],4,0.2370942
562,562,33_DR1-2/DR1-images-by-lesions/Hard Exudates/IMG0388 (12).TIF,[],['hard exudates'],3,0.43293986
563,563,33_DR1-2/DR1-images-by-lesions/Hard Exudates/IMG0124 (7).TIF,[],['hard exudates'],3,0.29122427
564,564,33_DR1-2/DR1-images-by-lesions/Hard Exudates/IMG0364 (9).TIF,[],['hard exudates'],3,0.49097994
565,565,33_DR1-2/DR1-images-by-lesions/Hard Exudates/IMG0436 (7).TIF,[],['hard exudates'],3,0.48555726
566,566,33_DR1-2/DR1-images-by-lesions/Hard Exudates/IMG0390 (8).TIF,[],['hard exudates'],3,0.27411032
567,567,33_DR1-2/DR1-images-by-lesions/Hard Exudates/IMG0109 (10).TIF,[],['hard exudates'],3,0.31191596
568,568,33_DR1-2/DR1-images-by-lesions/Hard Exudates/IMG0360 (5).TIF,[],['hard exudates'],3,0.31603715
569,569,33_DR1-2/DR1-images-by-lesions/Hard Exudates/IMG0457 (6).TIF,[],['hard exudates'],3,0.3865328
570,570,33_DR1-2/DR1-images-by-lesions/Hard Exudates/IMG0413 (2).TIF,[],['hard exudates'],3,0.3866646
571,571,33_DR1-2/DR1-images-by-lesions/Hard Exudates/IMG0210 (10).TIF,[],['hard exudates'],2,0.65397036
572,572,33_DR1-2/DR1-images-by-lesions/Hard Exudates/IMG0215 (5).TIF,[],['hard exudates'],3,0.32278144
573,573,33_DR1-2/DR1-images-by-lesions/Hard Exudates/A (147).TIF,[],['hard exudates'],3,0.46975031
574,574,33_DR1-2/DR1-images-by-lesions/Hard Exudates/IMG0597 (5).TIF,[],['hard exudates'],3,0.388183
575,575,33_DR1-2/DR1-images-by-lesions/Hard Exudates/IMG0478 (4).TIF,[],['hard exudates'],3,0.48911595
576,576,33_DR1-2/DR1-images-by-lesions/Hard Exudates/IMG0209 (16).TIF,[],['hard exudates'],3,0.346231
577,577,33_DR1-2/DR1-images-by-lesions/Hard Exudates/IMG0206 (13).TIF,[],['hard exudates'],3,0.32584417
578,578,33_DR1-2/DR1-images-by-lesions/Hard Exudates/A (146).TIF,[],['hard exudates'],3,0.32501638
579,579,33_DR1-2/DR1-images-by-lesions/Hard Exudates/IMG0012 (19).TIF,[],['hard exudates'],3,0.40939602
580,580,33_DR1-2/DR1-images-by-lesions/Hard Exudates/IMG0534 (4).TIF,[],['hard exudates'],4,0.22368325
581,581,33_DR1-2/DR1-images-by-lesions/Hard Exudates/IMG0107.TIF,[],['hard exudates'],3,0.2757182
582,582,33_DR1-2/DR1-images-by-lesions/Hard Exudates/IMG0545 (7).TIF,[],['hard exudates'],3,0.29702845
583,583,33_DR1-2/DR1-images-by-lesions/Hard Exudates/A (145).TIF,[],['hard exudates'],3,0.34807208
584,584,33_DR1-2/DR1-images-by-lesions/Hard Exudates/IMG0481 (3).TIF,[],['hard exudates'],3,0.31042954
585,585,33_DR1-2/DR1-images-by-lesions/Hard Exudates/IMG0304 (11).TIF,[],['hard exudates'],3,0.44570416
586,586,33_DR1-2/DR1-images-by-lesions/Hard Exudates/IMG0138 (9).TIF,[],['hard exudates'],3,0.31082886
587,587,33_DR1-2/DR1-images-by-lesions/Hard Exudates/IMG0255 (7).TIF,[],['hard exudates'],3,0.42077148
588,588,33_DR1-2/DR1-images-by-lesions/Hard Exudates/A (79).TIF,[],['hard exudates'],3,0.3831546
589,589,33_DR1-2/DR1-images-by-lesions/Hard Exudates/IMG0774 (2).TIF,[],['hard exudates'],3,0.42394713
590,590,33_DR1-2/DR1-images-by-lesions/Hard Exudates/IMG0463 (6).TIF,[],['hard exudates'],3,0.28183734
591,591,33_DR1-2/DR1-images-by-lesions/Hard Exudates/IMG0195 (8).TIF,[],['hard exudates'],4,0.24197498
592,592,33_DR1-2/DR1-images-by-lesions/Hard Exudates/IMG0003 (4).TIF,[],['hard exudates'],3,0.37586918
593,593,33_DR1-2/DR1-images-by-lesions/Hard Exudates/IMG0487 (5).TIF,[],['hard exudates'],3,0.3849213
594,594,33_DR1-2/DR1-images-by-lesions/Hard Exudates/IMG0122 (2).TIF,[],['hard exudates'],2,0.58447874
595,595,33_DR1-2/DR1-images-by-lesions/Hard Exudates/IMG0292 (3).TIF,[],['hard exudates'],3,0.4580093
596,596,33_DR1-2/DR1-images-by-lesions/Hard Exudates/IMG0477 (10).TIF,[],['hard exudates'],3,0.27192292
597,597,33_DR1-2/DR1-images-by-lesions/Hard Exudates/IMG0365 (9).TIF,[],['hard exudates'],3,0.30019367
598,598,33_DR1-2/DR1-images-by-lesions/Hard Exudates/IMG0549 (2).TIF,[],['hard exudates'],3,0.4922402
599,599,33_DR1-2/DR1-images-by-lesions/Hard Exudates/iujbpol (70).TIF,[],['hard exudates'],3,0.32059315
600,600,33_DR1-2/DR1-images-by-lesions/Hard Exudates/IMG0583 (3).TIF,[],['hard exudates'],3,0.3608011
601,601,33_DR1-2/DR1-images-by-lesions/Hard Exudates/IMG0016 (13).TIF,[],['hard exudates'],3,0.28913435
602,602,33_DR1-2/DR1-images-by-lesions/Hard Exudates/IMG0241 (8).TIF,[],['hard exudates'],3,0.4742384
603,603,33_DR1-2/DR1-images-by-lesions/Hard Exudates/IMG0200 (4).TIF,[],['hard exudates'],3,0.41171986
604,604,33_DR1-2/DR1-images-by-lesions/Hard Exudates/IMG0204 (8).TIF,[],['hard exudates'],3,0.3535282
605,605,33_DR1-2/DR1-images-by-lesions/Hard Exudates/IMG0419 (2).TIF,[],['hard exudates'],3,0.36632088
606,606,33_DR1-2/DR1-images-by-lesions/Hard Exudates/IMG0291 (4).TIF,[],['hard exudates'],3,0.28804448
607,607,33_DR1-2/DR1-images-by-lesions/Hard Exudates/IMG0478 (15).TIF,[],['hard exudates'],3,0.28722748
608,608,33_DR1-2/DR1-images-by-lesions/Hard Exudates/IMG0005 (20).TIF,[],['hard exudates'],3,0.3479136
609,609,33_DR1-2/DR1-images-by-lesions/Hard Exudates/IMG0087 (11).TIF,[],['hard exudates'],3,0.2662109
610,610,33_DR1-2/DR1-images-by-lesions/Hard Exudates/A (149).TIF,[],['hard exudates'],3,0.2961378
611,611,33_DR1-2/DR1-images-by-lesions/Hard Exudates/A (150).TIF,[],['hard exudates'],2,0.52233887
612,612,33_DR1-2/DR1-images-by-lesions/Hard Exudates/IMG0043.TIF,[],['hard exudates'],3,0.33984846
613,613,33_DR1-2/DR1-images-by-lesions/Hard Exudates/IMG0004 (4).TIF,[],['hard exudates'],3,0.35838416
614,614,33_DR1-2/DR1-images-by-lesions/Hard Exudates/IMG0289 (7).TIF,[],['hard exudates'],3,0.3497052
615,615,33_DR1-2/DR1-images-by-lesions/Hard Exudates/IMG0104 (10).TIF,[],['hard exudates'],4,0.245157
616,616,33_DR1-2/DR1-images-by-lesions/Hard Exudates/IMG0588.TIF,[],['hard exudates'],3,0.38411868
617,617,33_DR1-2/DR1-images-by-lesions/Hard Exudates/IMG0042.TIF,[],['hard exudates'],3,0.3122547
618,618,33_DR1-2/DR1-images-by-lesions/Hard Exudates/IMG0479 (15).TIF,[],['hard exudates'],2,0.6480651
619,619,33_DR1-2/DR1-images-by-lesions/Hard Exudates/IMG0428 (3).TIF,[],['hard exudates'],3,0.2621099
620,620,33_DR1-2/DR1-images-by-lesions/Hard Exudates/IMG0415 (6).TIF,[],['hard exudates'],3,0.318133
621,621,33_DR1-2/DR1-images-by-lesions/Hard Exudates/IMG0413 (8).TIF,[],['hard exudates'],3,0.2842312
622,622,33_DR1-2/DR1-images-by-lesions/Hard Exudates/IMG0220 (6).TIF,[],['hard exudates'],3,0.30022243
623,623,33_DR1-2/DR1-images-by-lesions/Hard Exudates/IMG0489 (5).TIF,[],['hard exudates'],3,0.3214882
624,624,33_DR1-2/DR1-images-by-lesions/Hard Exudates/IMG0349 (8).TIF,[],['hard exudates'],3,0.28187734
625,625,33_DR1-2/DR1-images-by-lesions/Hard Exudates/IMG0005 (11).TIF,[],['hard exudates'],3,0.4722608
626,626,33_DR1-2/DR1-images-by-lesions/Hard Exudates/IMG0048 (6).TIF,[],['hard exudates'],3,0.34339803
627,627,33_DR1-2/DR1-images-by-lesions/Hard Exudates/IMG0008 (13).TIF,[],['hard exudates'],3,0.29290563
628,628,33_DR1-2/DR1-images-by-lesions/Hard Exudates/A (81).TIF,[],['hard exudates'],3,0.40317476
629,629,33_DR1-2/DR1-images-by-lesions/Hard Exudates/IMG0436 (12).TIF,[],['hard exudates'],3,0.43499014
630,630,33_DR1-2/DR1-images-by-lesions/Hard Exudates/IMG0338 (3).TIF,[],['hard exudates'],3,0.3017225
631,631,33_DR1-2/DR1-images-by-lesions/Hard Exudates/IMG0469 (7).TIF,[],['hard exudates'],3,0.27839705
632,632,33_DR1-2/DR1-images-by-lesions/Hard Exudates/IMG0242.TIF,[],['hard exudates'],3,0.379202
633,633,33_DR1-2/DR1-images-by-lesions/Hard Exudates/IMG0462 (6).TIF,[],['hard exudates'],4,0.15030809
634,634,33_DR1-2/DR1-images-by-lesions/Hard Exudates/IMG0363 (8).TIF,[],['hard exudates'],3,0.395784
635,635,33_DR1-2/DR1-images-by-lesions/Hard Exudates/IMG0435 (9).TIF,[],['hard exudates'],4,0.23451985
636,636,33_DR1-2/DR1-images-by-lesions/Hard Exudates/IMG0203 (6).TIF,[],['hard exudates'],3,0.34255236
637,637,33_DR1-2/DR1-images-by-lesions/Hard Exudates/IMG0546 (7).TIF,[],['hard exudates'],3,0.36758384
638,638,33_DR1-2/DR1-images-by-lesions/Hard Exudates/IMG0004 (16).TIF,[],['hard exudates'],2,0.697415
639,639,33_DR1-2/DR1-images-by-lesions/Hard Exudates/IMG0199 (10).TIF,[],['hard exudates'],3,0.3246611
640,640,33_DR1-2/DR1-images-by-lesions/Hard Exudates/IMG0362 (10).TIF,[],['hard exudates'],3,0.38329998
641,641,33_DR1-2/DR1-images-by-lesions/Hard Exudates/IMG0210 (14).TIF,[],['hard exudates'],3,0.31236002
642,642,33_DR1-2/DR1-images-by-lesions/Hard Exudates/IMG0316.TIF,[],['hard exudates'],3,0.297027
643,643,33_DR1-2/DR1-images-by-lesions/Hard Exudates/IMG0041.TIF,[],['hard exudates'],3,0.30977756
644,644,33_DR1-2/DR1-images-by-lesions/Hard Exudates/IMG0270 (6).TIF,[],['hard exudates'],4,0.24539949
645,645,33_DR1-2/DR1-images-by-lesions/Hard Exudates/IMG0469 (8).TIF,[],['hard exudates'],4,0.21921979
646,646,33_DR1-2/DR1-images-by-lesions/Hard Exudates/IMG0437 (10).TIF,[],['hard exudates'],3,0.37185916
647,647,33_DR1-2/DR1-images-by-lesions/Hard Exudates/IMG0013 (12).TIF,[],['hard exudates'],2,0.5076542
648,648,33_DR1-2/DR1-images-by-lesions/Hard Exudates/IMG0030 (5).TIF,[],['hard exudates'],3,0.274769
649,649,33_DR1-2/DR1-images-by-lesions/Hard Exudates/IMG0437 (6).TIF,[],['hard exudates'],3,0.32361394
650,650,33_DR1-2/DR1-images-by-lesions/Hard Exudates/IMG0537 (6).TIF,[],['hard exudates'],2,0.5274637
651,651,33_DR1-2/DR1-images-by-lesions/Hard Exudates/IMG0486 (5).TIF,[],['hard exudates'],3,0.4129872
652,652,33_DR1-2/DR1-images-by-lesions/Hard Exudates/IMG0415 (2).TIF,[],['hard exudates'],2,0.561837
653,653,33_DR1-2/DR1-images-by-lesions/Hard Exudates/IMG0026 (8).TIF,[],['hard exudates'],3,0.33954734
654,654,33_DR1-2/DR1-images-by-lesions/Hard Exudates/IMG0002 (8).TIF,[],['hard exudates'],3,0.31095052
655,655,33_DR1-2/DR1-images-by-lesions/Hard Exudates/A (5).TIF,[],['hard exudates'],2,0.6469133
656,656,33_DR1-2/DR1-images-by-lesions/Hard Exudates/IMG0409 (7).TIF,[],['hard exudates'],3,0.38261992
657,657,33_DR1-2/DR1-images-by-lesions/Hard Exudates/A (2).TIF,[],['hard exudates'],2,0.6895617
658,658,33_DR1-2/DR1-images-by-lesions/Hard Exudates/IMG0027 (6).TIF,[],['hard exudates'],3,0.3474238
659,659,33_DR1-2/DR2-images-by-lesions/Hard Exudates/IM000889.JPG,[],['hard exudates'],3,0.33508927
660,660,33_DR1-2/DR2-images-by-lesions/Hard Exudates/IM000956.JPG,[],['hard exudates'],3,0.44766554
661,661,33_DR1-2/DR2-images-by-lesions/Hard Exudates/IM000820.JPG,[],['hard exudates'],3,0.3120089
662,662,33_DR1-2/DR2-images-by-lesions/Hard Exudates/IM001123.JPG,[],['hard exudates'],3,0.41728547
663,663,33_DR1-2/DR2-images-by-lesions/Hard Exudates/IM000464.JPG,[],['hard exudates'],4,0.21912916
664,664,33_DR1-2/DR2-images-by-lesions/Hard Exudates/IM001013.JPG,[],['hard exudates'],3,0.37130067
665,665,33_DR1-2/DR2-images-by-lesions/Hard Exudates/IM000919.JPG,[],['hard exudates'],1,0.7689184
666,666,33_DR1-2/DR2-images-by-lesions/Hard Exudates/IM001121.JPG,[],['hard exudates'],2,0.6021509
667,667,33_DR1-2/DR2-images-by-lesions/Hard Exudates/IM001242.JPG,[],['hard exudates'],3,0.47155803
668,668,33_DR1-2/DR2-images-by-lesions/Hard Exudates/IM000787.JPG,[],['hard exudates'],3,0.48948762
669,669,33_DR1-2/DR2-images-by-lesions/Hard Exudates/IM000977.JPG,[],['hard exudates'],3,0.40542078
670,670,33_DR1-2/DR2-images-by-lesions/Hard Exudates/IM000809.JPG,[],['hard exudates'],2,0.6659894
671,671,33_DR1-2/DR2-images-by-lesions/Hard Exudates/IM001180.JPG,[],['hard exudates'],3,0.38894555
672,672,33_DR1-2/DR2-images-by-lesions/Hard Exudates/IM000667.JPG,[],['hard exudates'],3,0.42373833
673,673,33_DR1-2/DR2-images-by-lesions/Hard Exudates/IM000920.JPG,[],['hard exudates'],2,0.5225603
674,674,33_DR1-2/DR2-images-by-lesions/Hard Exudates/IM001119.JPG,[],['hard exudates'],3,0.35539263
675,675,33_DR1-2/DR2-images-by-lesions/Hard Exudates/IM000891.JPG,[],['hard exudates'],3,0.3504829
676,676,33_DR1-2/DR2-images-by-lesions/Hard Exudates/IM000209.JPG,[],['hard exudates'],3,0.36578616
677,677,33_DR1-2/DR2-images-by-lesions/Hard Exudates/IM001181.JPG,[],['hard exudates'],3,0.46578738
678,678,33_DR1-2/DR2-images-by-lesions/Hard Exudates/IM000722.JPG,[],['hard exudates'],3,0.42363036
679,679,33_DR1-2/DR2-images-by-lesions/Hard Exudates/IM001243.JPG,[],['hard exudates'],2,0.64863926
680,680,33_DR1-2/DR2-images-by-lesions/Hard Exudates/IM000952.JPG,[],['hard exudates'],2,0.6170788
681,681,33_DR1-2/DR2-images-by-lesions/Hard Exudates/IM000884.JPG,[],['hard exudates'],3,0.35811436
682,682,33_DR1-2/DR2-images-by-lesions/Hard Exudates/IM000890.JPG,[],['hard exudates'],3,0.35620534
683,683,33_DR1-2/DR2-images-by-lesions/Hard Exudates/IM000782.JPG,[],['hard exudates'],3,0.35383326
684,684,33_DR1-2/DR2-images-by-lesions/Hard Exudates/IM000721.JPG,[],['hard exudates'],3,0.31979546
685,685,33_DR1-2/DR2-images-by-lesions/Hard Exudates/IM000470.JPG,[],['hard exudates'],3,0.27034155
686,686,33_DR1-2/DR2-images-by-lesions/Hard Exudates/IM000214.JPG,[],['hard exudates'],3,0.411824
687,687,33_DR1-2/DR2-images-by-lesions/Hard Exudates/IM000954.JPG,[],['hard exudates'],3,0.30280662
688,688,33_DR1-2/DR2-images-by-lesions/Hard Exudates/IM000757.JPG,[],['hard exudates'],3,0.25109667
689,689,33_DR1-2/DR2-images-by-lesions/Hard Exudates/IM000489.JPG,[],['hard exudates'],3,0.31320027
690,690,33_DR1-2/DR2-images-by-lesions/Hard Exudates/IM000882.JPG,[],['hard exudates'],3,0.3960557
691,691,33_DR1-2/DR2-images-by-lesions/Hard Exudates/IM000928.JPG,[],['hard exudates'],1,0.8248606
692,692,33_DR1-2/DR2-images-by-lesions/Hard Exudates/IM000816.JPG,[],['hard exudates'],2,0.5244456
693,693,33_DR1-2/DR2-images-by-lesions/Hard Exudates/IM000465.JPG,[],['hard exudates'],3,0.39156598
694,694,33_DR1-2/DR2-images-by-lesions/Hard Exudates/IM000783.JPG,[],['hard exudates'],3,0.3482631
695,695,33_DR1-2/DR2-images-by-lesions/Hard Exudates/IM001108.JPG,[],['hard exudates'],3,0.41806185
696,696,33_DR1-2/DR2-images-by-lesions/Hard Exudates/IM000883.JPG,[],['hard exudates'],2,0.534242
697,697,33_DR1-2/DR2-images-by-lesions/Hard Exudates/IM001014.JPG,[],['hard exudates'],3,0.4652093
698,698,33_DR1-2/DR2-images-by-lesions/Hard Exudates/IM000555.JPG,[],['hard exudates'],3,0.4069044
699,699,33_DR1-2/DR2-images-by-lesions/Hard Exudates/IM000933.JPG,[],['hard exudates'],3,0.44396457
700,700,33_DR1-2/DR2-images-by-lesions/Hard Exudates/IM000955.JPG,[],['hard exudates'],3,0.32169142
701,701,33_DR1-2/DR2-images-by-lesions/Hard Exudates/IM001110.JPG,[],['hard exudates'],2,0.5092565
702,702,33_DR1-2/DR2-images-by-lesions/Hard Exudates/IM001240.JPG,[],['hard exudates'],3,0.38919136
703,703,33_DR1-2/DR2-images-by-lesions/Hard Exudates/IM000880.JPG,[],['hard exudates'],3,0.33326986
704,704,33_DR1-2/DR2-images-by-lesions/Hard Exudates/IM000688.JPG,[],['hard exudates'],3,0.38170987
705,705,33_DR1-2/DR2-images-by-lesions/Hard Exudates/IM000888.JPG,[],['hard exudates'],3,0.4648281
706,706,33_DR1-2/DR2-images-by-lesions/Hard Exudates/IM001010.JPG,[],['hard exudates'],1,0.88898855
707,707,33_DR1-2/DR2-images-by-lesions/Hard Exudates/IM000812.JPG,[],['hard exudates'],3,0.36457133
708,708,33_DR1-2/DR2-images-by-lesions/Hard Exudates/IM000823.JPG,[],['hard exudates'],3,0.37198249
709,709,33_DR1-2/DR2-images-by-lesions/Hard Exudates/IM000932.JPG,[],['hard exudates'],2,0.55622077
710,710,33_DR1-2/DR2-images-by-lesions/Hard Exudates/IM000978.JPG,[],['hard exudates'],3,0.43430883
711,711,33_DR1-2/DR2-images-by-lesions/Hard Exudates/IM000756.JPG,[],['hard exudates'],2,0.6016675
712,712,33_DR1-2/DR2-images-by-lesions/Hard Exudates/IM000720.JPG,[],['hard exudates'],3,0.39691806
713,713,33_DR1-2/DR2-images-by-lesions/Hard Exudates/IM000815.JPG,[],['hard exudates'],2,0.5135511
714,714,33_DR1-2/DR2-images-by-lesions/Hard Exudates/IM000874.JPG,[],['hard exudates'],3,0.3793429
715,715,33_DR1-2/DR2-images-by-lesions/Hard Exudates/IM000981.JPG,[],['hard exudates'],3,0.48687783
716,716,33_DR1-2/DR2-images-by-lesions/Hard Exudates/IM000929.JPG,[],['hard exudates'],2,0.54125804
717,717,33_DR1-2/DR2-images-by-lesions/Hard Exudates/IM000894.JPG,[],['hard exudates'],3,0.36790928
718,718,33_DR1-2/DR2-images-by-lesions/Hard Exudates/IM001179.JPG,[],['hard exudates'],3,0.48930937
719,719,33_DR1-2/DR2-images-by-lesions/Hard Exudates/IM000976.JPG,[],['hard exudates'],3,0.43561384
720,720,33_DR1-2/DR2-images-by-lesions/Hard Exudates/IM001244.JPG,[],['hard exudates'],3,0.2976693
721,721,33_DR1-2/DR2-images-by-lesions/Hard Exudates/IM000922.JPG,[],['hard exudates'],3,0.49438325
722,722,33_DR1-2/DR2-images-by-lesions/Hard Exudates/IM001273.JPG,[],['hard exudates'],3,0.41628388
723,723,33_DR1-2/DR2-images-by-lesions/Hard Exudates/IM000931.JPG,[],['hard exudates'],2,0.6907725
724,724,33_DR1-2/DR2-images-by-lesions/Hard Exudates/IM000980.JPG,[],['hard exudates'],3,0.44594246
725,725,33_DR1-2/DR2-images-by-lesions/Hard Exudates/IM000490.JPG,[],['hard exudates'],3,0.41724977
726,726,33_DR1-2/DR2-images-by-lesions/Hard Exudates/IM000719.JPG,[],['hard exudates'],3,0.32621503
727,727,33_DR1-2/DR2-images-by-lesions/Hard Exudates/IM001274.JPG,[],['hard exudates'],3,0.4831396
728,728,33_DR1-2/DR2-images-by-lesions/Hard Exudates/IM000872.JPG,[],['hard exudates'],2,0.66388404
729,729,33_DR1-2/DR2-images-by-lesions/Hard Exudates/IM000814.JPG,[],['hard exudates'],3,0.3216712
730,730,33_DR1-2/DR2-images-by-lesions/Hard Exudates/IM000160.JPG,[],['hard exudates'],3,0.49360466
731,731,33_DR1-2/DR2-images-by-lesions/Hard Exudates/IM000916.JPG,[],['hard exudates'],3,0.41660917
732,732,33_DR1-2/DR2-images-by-lesions/Hard Exudates/IM000979.JPG,[],['hard exudates'],2,0.587615
733,733,33_DR1-2/DR2-images-by-lesions/Hard Exudates/IM001012.JPG,[],['hard exudates'],2,0.6412712
734,734,33_DR1-2/DR2-images-by-lesions/Hard Exudates/IM001182.JPG,[],['hard exudates'],3,0.4746613
735,735,33_DR1-2/DR2-images-by-lesions/Hard Exudates/IM000687.JPG,[],['hard exudates'],3,0.340119
736,736,33_DR1-2/DR2-images-by-lesions/Hard Exudates/IM001122.JPG,[],['hard exudates'],2,0.74823
737,737,33_DR1-2/DR2-images-by-lesions/Hard Exudates/IM000807.JPG,[],['hard exudates'],2,0.56631374
738,738,33_DR1-2/DR1-images-by-lesions/Normal Images/IMG0992.TIF,[],['normal'],3,0.4554793
739,739,33_DR1-2/DR1-images-by-lesions/Normal Images/IMG0499.TIF,[],['normal'],3,0.45522022
740,740,33_DR1-2/DR1-images-by-lesions/Normal Images/IMG0284 (9).TIF,[],['normal'],3,0.25372258
741,741,33_DR1-2/DR1-images-by-lesions/Normal Images/IMG0428 (5).TIF,[],['normal'],4,0.19312848
742,742,33_DR1-2/DR1-images-by-lesions/Normal Images/IMG0181 (7).TIF,[],['normal'],3,0.34697053
743,743,33_DR1-2/DR1-images-by-lesions/Normal Images/IMG0954.TIF,[],['normal'],4,0.17220633
744,744,33_DR1-2/DR1-images-by-lesions/Normal Images/IMG0031 (3).TIF,[],['normal'],3,0.31467733
745,745,33_DR1-2/DR1-images-by-lesions/Normal Images/IMG0428 (6).TIF,[],['normal'],3,0.33591738
746,746,33_DR1-2/DR1-images-by-lesions/Normal Images/IMG0228 (9).TIF,[],['normal'],3,0.31809413
747,747,33_DR1-2/DR1-images-by-lesions/Normal Images/IMG0444 (11).TIF,[],['normal'],4,0.20128693
748,748,33_DR1-2/DR1-images-by-lesions/Normal Images/IMG0426 (7).TIF,[],['normal'],3,0.3035672
749,749,33_DR1-2/DR1-images-by-lesions/Normal Images/IMG0125 (6).TIF,[],['normal'],3,0.35765594
750,750,33_DR1-2/DR1-images-by-lesions/Normal Images/IMG0496 (11).TIF,[],['normal'],4,0.21039473
751,751,33_DR1-2/DR1-images-by-lesions/Normal Images/A (156).TIF,[],['normal'],2,0.5189606
752,752,33_DR1-2/DR1-images-by-lesions/Normal Images/IMG0449 (5).TIF,[],['normal'],3,0.33622518
753,753,33_DR1-2/DR1-images-by-lesions/Normal Images/IMG0473 (7).TIF,[],['normal'],4,0.20528881
754,754,33_DR1-2/DR1-images-by-lesions/Normal Images/IMG0002 (16).TIF,[],['normal'],3,0.4468862
755,755,33_DR1-2/DR1-images-by-lesions/Normal Images/IMG0603 (5).TIF,[],['normal'],3,0.28469992
756,756,33_DR1-2/DR1-images-by-lesions/Normal Images/IMG0465.TIF,[],['normal'],3,0.2605762
757,757,33_DR1-2/DR1-images-by-lesions/Normal Images/IMG0190 (3).TIF,[],['normal'],3,0.2787736
758,758,33_DR1-2/DR1-images-by-lesions/Normal Images/IMG0011 (17).TIF,[],['normal'],3,0.3033257
759,759,33_DR1-2/DR1-images-by-lesions/Normal Images/IMG0416 (6).TIF,[],['normal'],3,0.32237554
760,760,33_DR1-2/DR1-images-by-lesions/Normal Images/IMG0105.TIF,[],['normal'],3,0.2830072
761,761,33_DR1-2/DR1-images-by-lesions/Normal Images/IMG0260 (2).TIF,[],['normal'],2,0.5056008
762,762,33_DR1-2/DR1-images-by-lesions/Normal Images/IMG0218 (10).TIF,[],['normal'],3,0.3245415
763,763,33_DR1-2/DR1-images-by-lesions/Normal Images/IMG0433 (6).TIF,[],['normal'],3,0.37372836
764,764,33_DR1-2/DR1-images-by-lesions/Normal Images/IMG0307 (2).TIF,[],['normal'],3,0.45324722
765,765,33_DR1-2/DR1-images-by-lesions/Normal Images/IMG0663.TIF,[],['normal'],3,0.3736702
766,766,33_DR1-2/DR1-images-by-lesions/Normal Images/IMG0452 (5).TIF,[],['normal'],3,0.3883333
767,767,33_DR1-2/DR1-images-by-lesions/Normal Images/IMG0286 (8).TIF,[],['normal'],3,0.29700398
768,768,33_DR1-2/DR1-images-by-lesions/Normal Images/IMG0147 (6).TIF,[],['normal'],3,0.3166464
769,769,33_DR1-2/DR1-images-by-lesions/Normal Images/iujbpol (24).TIF,[],['normal'],3,0.44017223
770,770,33_DR1-2/DR1-images-by-lesions/Normal Images/IMG0186 (6).TIF,[],['normal'],3,0.43974254
771,771,33_DR1-2/DR1-images-by-lesions/Normal Images/IMG0619 (5).TIF,[],['normal'],3,0.38282898
772,772,33_DR1-2/DR1-images-by-lesions/Normal Images/IMG0247 (9).TIF,[],['normal'],4,0.22042231
773,773,33_DR1-2/DR1-images-by-lesions/Normal Images/IMG0513 (8).TIF,[],['normal'],3,0.45883378
774,774,33_DR1-2/DR1-images-by-lesions/Normal Images/A (8).TIF,[],['normal'],3,0.47856936
775,775,33_DR1-2/DR1-images-by-lesions/Normal Images/IMG0589 (6).TIF,[],['normal'],3,0.28724545
776,776,33_DR1-2/DR1-images-by-lesions/Normal Images/IMG0487 (8).TIF,[],['normal'],3,0.48004484
777,777,33_DR1-2/DR1-images-by-lesions/Normal Images/IMG0475 (7).TIF,[],['normal'],3,0.39684108
778,778,33_DR1-2/DR1-images-by-lesions/Normal Images/IMG0011 (23).TIF,[],['normal'],4,0.2052573
779,779,33_DR1-2/DR1-images-by-lesions/Normal Images/IMG0062 (5).TIF,[],['normal'],3,0.330129
780,780,33_DR1-2/DR1-images-by-lesions/Normal Images/IMG0243 (8).TIF,[],['normal'],3,0.29345727
781,781,33_DR1-2/DR1-images-by-lesions/Normal Images/IMG0046 (6).TIF,[],['normal'],3,0.29720286
782,782,33_DR1-2/DR1-images-by-lesions/Normal Images/IMG0289 (2).TIF,[],['normal'],3,0.406239
783,783,33_DR1-2/DR1-images-by-lesions/Normal Images/IMG0246 (3).TIF,[],['normal'],3,0.3676372
784,784,33_DR1-2/DR1-images-by-lesions/Normal Images/IMG0435 (8).TIF,[],['normal'],3,0.3090788
785,785,33_DR1-2/DR1-images-by-lesions/Normal Images/IMG0451 (7).TIF,[],['normal'],3,0.29886162
786,786,33_DR1-2/DR1-images-by-lesions/Normal Images/IMG0207 (4).TIF,[],['normal'],3,0.29710335
787,787,33_DR1-2/DR1-images-by-lesions/Normal Images/IMG0483 (14).TIF,[],['normal'],3,0.30896306
788,788,33_DR1-2/DR1-images-by-lesions/Normal Images/IMG0467 (4).TIF,[],['normal'],3,0.26378745
789,789,33_DR1-2/DR1-images-by-lesions/Normal Images/A (155).TIF,[],['normal'],2,0.5335268
790,790,33_DR1-2/DR1-images-by-lesions/Normal Images/iujbpol.TIF,[],['normal'],3,0.45012802
791,791,33_DR1-2/DR1-images-by-lesions/Normal Images/IMG0165.TIF,[],['normal'],3,0.2779159
792,792,33_DR1-2/DR1-images-by-lesions/Normal Images/IMG0044 (3).TIF,[],['normal'],3,0.30466777
793,793,33_DR1-2/DR1-images-by-lesions/Normal Images/IMG0755 (4).TIF,[],['normal'],3,0.3634417
794,794,33_DR1-2/DR1-images-by-lesions/Normal Images/IMG0154 (10).TIF,[],['normal'],4,0.2177179
795,795,33_DR1-2/DR1-images-by-lesions/Normal Images/IMG0099.TIF,[],['normal'],3,0.29602477
796,796,33_DR1-2/DR1-images-by-lesions/Normal Images/y (18).TIF,[],['normal'],3,0.4321196
797,797,33_DR1-2/DR1-images-by-lesions/Normal Images/IMG0446 (5).TIF,[],['normal'],4,0.17643543
798,798,33_DR1-2/DR1-images-by-lesions/Normal Images/A (115).TIF,[],['normal'],2,0.6020086
799,799,33_DR1-2/DR1-images-by-lesions/Normal Images/IMG0269 (10).TIF,[],['normal'],3,0.28503153
800,800,33_DR1-2/DR1-images-by-lesions/Normal Images/IMG0760 (2).TIF,[],['normal'],3,0.4721431
801,801,33_DR1-2/DR1-images-by-lesions/Normal Images/A (39).TIF,[],['normal'],4,0.20959097
802,802,33_DR1-2/DR1-images-by-lesions/Normal Images/IMG0073 (3).TIF,[],['normal'],3,0.4008017
803,803,33_DR1-2/DR1-images-by-lesions/Normal Images/IMG0242 (7).TIF,[],['normal'],4,0.20516106
804,804,33_DR1-2/DR1-images-by-lesions/Normal Images/IMG0009 (19).TIF,[],['normal'],3,0.31320673
805,805,33_DR1-2/DR1-images-by-lesions/Normal Images/A (90).TIF,[],['normal'],3,0.3595122
806,806,33_DR1-2/DR1-images-by-lesions/Normal Images/IMG0248 (13).TIF,[],['normal'],3,0.30420035
807,807,33_DR1-2/DR1-images-by-lesions/Normal Images/IMG0032 (3).TIF,[],['normal'],3,0.40825582
808,808,33_DR1-2/DR1-images-by-lesions/Normal Images/IMG0279 (10).TIF,[],['normal'],3,0.3049986
809,809,33_DR1-2/DR1-images-by-lesions/Normal Images/IMG0289.TIF,[],['normal'],3,0.30433857
810,810,33_DR1-2/DR1-images-by-lesions/Normal Images/IMG0256 (2).TIF,[],['normal'],3,0.29397175
811,811,33_DR1-2/DR1-images-by-lesions/Normal Images/IMG0013 (16).TIF,[],['normal'],3,0.29142928
812,812,33_DR1-2/DR1-images-by-lesions/Normal Images/IMG0322 (2).TIF,[],['normal'],4,0.22547948
813,813,33_DR1-2/DR1-images-by-lesions/Normal Images/IMG0001 (21).TIF,[],['normal'],3,0.2917085
814,814,33_DR1-2/DR1-images-by-lesions/Normal Images/IMG0437 (4).TIF,[],['normal'],3,0.35243285
815,815,33_DR1-2/DR1-images-by-lesions/Normal Images/IMG0067 (2).TIF,[],['normal'],3,0.2804332
816,816,33_DR1-2/DR1-images-by-lesions/Normal Images/IMG0004 (21).TIF,[],['normal'],3,0.3539202
817,817,33_DR1-2/DR1-images-by-lesions/Normal Images/A (117).TIF,[],['normal'],3,0.26044202
818,818,33_DR1-2/DR1-images-by-lesions/Normal Images/IMG0245 (7).TIF,[],['normal'],3,0.49447826
819,819,33_DR1-2/DR1-images-by-lesions/Normal Images/IMG0245 (15).TIF,[],['normal'],3,0.49668014
820,820,33_DR1-2/DR1-images-by-lesions/Normal Images/IMG0143 (12).TIF,[],['normal'],3,0.26212528
821,821,33_DR1-2/DR1-images-by-lesions/Normal Images/IMG0070 (16).TIF,[],['normal'],3,0.27295485
822,822,33_DR1-2/DR1-images-by-lesions/Normal Images/IMG0685 (2).TIF,[],['normal'],3,0.3345514
823,823,33_DR1-2/DR1-images-by-lesions/Normal Images/IMG0148 (7).TIF,[],['normal'],3,0.26630563
824,824,33_DR1-2/DR1-images-by-lesions/Normal Images/IMG0533 (4).TIF,[],['normal'],3,0.40639177
825,825,33_DR1-2/DR1-images-by-lesions/Normal Images/IMG0512 (7).TIF,[],['normal'],3,0.4251297
826,826,33_DR1-2/DR1-images-by-lesions/Normal Images/A (60).TIF,[],['normal'],4,0.21856336
827,827,33_DR1-2/DR1-images-by-lesions/Normal Images/IMG0260 (10).TIF,[],['normal'],3,0.43945482
828,828,33_DR1-2/DR1-images-by-lesions/Normal Images/IMG0532 (7).TIF,[],['normal'],4,0.15915242
829,829,33_DR1-2/DR1-images-by-lesions/Normal Images/IMG0406 (5).TIF,[],['normal'],3,0.3587595
830,830,33_DR1-2/DR1-images-by-lesions/Normal Images/IMG0192 (5).TIF,[],['normal'],4,0.24340329
831,831,33_DR1-2/DR1-images-by-lesions/Normal Images/IMG0005 (15).TIF,[],['normal'],4,0.21135658
832,832,33_DR1-2/DR1-images-by-lesions/Normal Images/IMG0235 (5).TIF,[],['normal'],3,0.32280123
833,833,33_DR1-2/DR1-images-by-lesions/Normal Images/IMG0836.TIF,[],['normal'],2,0.50512874
834,834,33_DR1-2/DR1-images-by-lesions/Normal Images/IMG0095.TIF,[],['normal'],3,0.37140745
835,835,33_DR1-2/DR1-images-by-lesions/Normal Images/IMG0004 (31).TIF,[],['normal'],3,0.31299895
836,836,33_DR1-2/DR1-images-by-lesions/Normal Images/IMG1020.TIF,[],['normal'],2,0.6189993
837,837,33_DR1-2/DR1-images-by-lesions/Normal Images/IMG0161 (9).TIF,[],['normal'],3,0.32834345
838,838,33_DR1-2/DR1-images-by-lesions/Normal Images/IMG0945.TIF,[],['normal'],3,0.34653196
839,839,33_DR1-2/DR1-images-by-lesions/Normal Images/IMG0003 (23).TIF,[],['normal'],2,0.56028736
840,840,33_DR1-2/DR1-images-by-lesions/Normal Images/IMG0495 (12).TIF,[],['normal'],3,0.3771769
841,841,33_DR1-2/DR1-images-by-lesions/Normal Images/IMG0158 (2).TIF,[],['normal'],3,0.29053253
842,842,33_DR1-2/DR1-images-by-lesions/Normal Images/IMG0254 (12).TIF,[],['normal'],3,0.32432556
843,843,33_DR1-2/DR1-images-by-lesions/Normal Images/IMG0130 (9).TIF,[],['normal'],3,0.35923445
844,844,33_DR1-2/DR1-images-by-lesions/Normal Images/c (36).TIF,[],['normal'],3,0.36739388
845,845,33_DR1-2/DR1-images-by-lesions/Normal Images/IMG0423 (4).TIF,[],['normal'],3,0.3755899
846,846,33_DR1-2/DR1-images-by-lesions/Normal Images/IMG0447 (4).TIF,[],['normal'],3,0.27246806
847,847,33_DR1-2/DR1-images-by-lesions/Normal Images/IMG0430 (6).TIF,[],['normal'],4,0.24418317
848,848,33_DR1-2/DR1-images-by-lesions/Normal Images/IMG0234 (4).TIF,[],['normal'],2,0.58296144
849,849,33_DR1-2/DR1-images-by-lesions/Normal Images/IMG1016.TIF,[],['normal'],2,0.6509426
850,850,33_DR1-2/DR1-images-by-lesions/Normal Images/IMG0502 (6).TIF,[],['normal'],4,0.2318173
851,851,33_DR1-2/DR1-images-by-lesions/Normal Images/IMG0950.TIF,[],['normal'],3,0.4639348
852,852,33_DR1-2/DR1-images-by-lesions/Normal Images/IMG0511.TIF,[],['normal'],4,0.21032679
853,853,33_DR1-2/DR1-images-by-lesions/Normal Images/IMG0429 (2).TIF,[],['normal'],3,0.31022897
854,854,33_DR1-2/DR1-images-by-lesions/Normal Images/IMG0560 (3).TIF,[],['normal'],3,0.31918594
855,855,33_DR1-2/DR1-images-by-lesions/Normal Images/IMG0389.TIF,[],['normal'],4,0.23083523
856,856,33_DR1-2/DR1-images-by-lesions/Normal Images/IMG0050 (5).TIF,[],['normal'],3,0.29692036
857,857,33_DR1-2/DR1-images-by-lesions/Normal Images/IMG0413 (3).TIF,[],['normal'],3,0.3343735
858,858,33_DR1-2/DR1-images-by-lesions/Normal Images/IMG0416 (12).TIF,[],['normal'],3,0.33593452
859,859,33_DR1-2/DR1-images-by-lesions/Normal Images/IMG0217 (10).TIF,[],['normal'],3,0.28240222
860,860,33_DR1-2/DR1-images-by-lesions/Normal Images/IMG0458 (4).TIF,[],['normal'],3,0.29395458
861,861,33_DR1-2/DR1-images-by-lesions/Normal Images/IMG0207 (8).TIF,[],['normal'],3,0.29461065
862,862,33_DR1-2/DR1-images-by-lesions/Normal Images/A (182).TIF,[],['normal'],3,0.3892987
863,863,33_DR1-2/DR1-images-by-lesions/Normal Images/IMG0160 (8).TIF,[],['normal'],3,0.30732283
864,864,33_DR1-2/DR1-images-by-lesions/Normal Images/IMG0367 (5).TIF,[],['normal'],3,0.2549042
865,865,33_DR1-2/DR1-images-by-lesions/Normal Images/IMG0453 (4).TIF,[],['normal'],3,0.4167712
866,866,33_DR1-2/DR1-images-by-lesions/Normal Images/IMG0462 (7).TIF,[],['normal'],3,0.29301092
867,867,33_DR1-2/DR1-images-by-lesions/Normal Images/IMG0174 (9).TIF,[],['normal'],3,0.27389222
868,868,33_DR1-2/DR1-images-by-lesions/Normal Images/IMG0191 (3).TIF,[],['normal'],3,0.4073536
869,869,33_DR1-2/DR1-images-by-lesions/Normal Images/IMG0385 (10).TIF,[],['normal'],4,0.235478
870,870,33_DR1-2/DR1-images-by-lesions/Normal Images/IMG0761.TIF,[],['normal'],3,0.3201006
871,871,33_DR1-2/DR1-images-by-lesions/Normal Images/IMG0417 (6).TIF,[],['normal'],4,0.2114448
872,872,33_DR1-2/DR1-images-by-lesions/Normal Images/IMG0241 (7).TIF,[],['normal'],3,0.29390612
873,873,33_DR1-2/DR1-images-by-lesions/Normal Images/IMG0468.TIF,[],['normal'],3,0.48007938
874,874,33_DR1-2/DR1-images-by-lesions/Normal Images/IMG0142 (3).TIF,[],['normal'],3,0.4217757
875,875,33_DR1-2/DR1-images-by-lesions/Normal Images/IMG0003 (32).TIF,[],['normal'],3,0.34107605
876,876,33_DR1-2/DR1-images-by-lesions/Normal Images/iujbpol (53).TIF,[],['normal'],2,0.5627463
877,877,33_DR1-2/DR1-images-by-lesions/Normal Images/IMG0241 (9).TIF,[],['normal'],3,0.39068586
878,878,33_DR1-2/DR1-images-by-lesions/Normal Images/IMG0021 (4).TIF,[],['normal'],3,0.3833314
879,879,33_DR1-2/DR1-images-by-lesions/Normal Images/IMG0215 (11).TIF,[],['normal'],3,0.3766532
880,880,33_DR1-2/DR1-images-by-lesions/Normal Images/IMG0103 (12).TIF,[],['normal'],3,0.37206587
881,881,33_DR1-2/DR1-images-by-lesions/Normal Images/IMG0426 (8).TIF,[],['normal'],3,0.27800795
882,882,33_DR1-2/DR1-images-by-lesions/Normal Images/IMG0535 (9).TIF,[],['normal'],3,0.4145784
883,883,33_DR1-2/DR1-images-by-lesions/Normal Images/IMG0072 (12).TIF,[],['normal'],3,0.36068943
884,884,33_DR1-2/DR1-images-by-lesions/Normal Images/IMG0258.TIF,[],['normal'],3,0.36087173
885,885,33_DR1-2/DR1-images-by-lesions/Normal Images/IMG0005 (7).TIF,[],['normal'],4,0.2182241
886,886,33_DR1-2/DR1-images-by-lesions/Normal Images/IMG0364 (7).TIF,[],['normal'],3,0.4178419
887,887,33_DR1-2/DR1-images-by-lesions/Normal Images/IMG0224 (9).TIF,[],['normal'],3,0.3311065
888,888,33_DR1-2/DR1-images-by-lesions/Normal Images/IMG0443 (8).TIF,[],['normal'],3,0.49881622
889,889,33_DR1-2/DR1-images-by-lesions/Normal Images/IMG0574 (3).TIF,[],['normal'],3,0.31540796
890,890,33_DR1-2/DR1-images-by-lesions/Normal Images/IMG0002 (23).TIF,[],['normal'],3,0.37447146
891,891,33_DR1-2/DR1-images-by-lesions/Normal Images/IMG0168 (8).TIF,[],['normal'],2,0.5612155
892,892,33_DR1-2/DR1-images-by-lesions/Normal Images/IMG0207 (9).TIF,[],['normal'],3,0.3853044
893,893,33_DR1-2/DR1-images-by-lesions/Normal Images/IMG0534 (8).TIF,[],['normal'],3,0.28758043
894,894,33_DR1-2/DR1-images-by-lesions/Normal Images/IMG0182 (10).TIF,[],['normal'],3,0.3014653
895,895,33_DR1-2/DR1-images-by-lesions/Normal Images/IMG0045 (4).TIF,[],['normal'],4,0.23266175
896,896,33_DR1-2/DR1-images-by-lesions/Normal Images/IMG0445 (2).TIF,[],['normal'],3,0.2840424
897,897,33_DR1-2/DR1-images-by-lesions/Normal Images/IMG0248 (2).TIF,[],['normal'],3,0.2555752
898,898,33_DR1-2/DR1-images-by-lesions/Normal Images/IMG0698 (2).TIF,[],['normal'],2,0.5951264
899,899,33_DR1-2/DR1-images-by-lesions/Normal Images/A (178).TIF,[],['normal'],2,0.5248497
900,900,33_DR1-2/DR1-images-by-lesions/Normal Images/IMG0425 (7).TIF,[],['normal'],3,0.3091381
901,901,33_DR1-2/DR1-images-by-lesions/Normal Images/IMG0431 (6).TIF,[],['normal'],3,0.25434068
902,902,33_DR1-2/DR1-images-by-lesions/Normal Images/IMG0295 (6).TIF,[],['normal'],3,0.34492576
903,903,33_DR1-2/DR1-images-by-lesions/Normal Images/IMG0014 (14).TIF,[],['normal'],4,0.19748454
904,904,33_DR1-2/DR1-images-by-lesions/Normal Images/IMG0570.TIF,[],['normal'],4,0.24786292
905,905,33_DR1-2/DR1-images-by-lesions/Normal Images/A (132).TIF,[],['normal'],3,0.4218745
906,906,33_DR1-2/DR1-images-by-lesions/Normal Images/IMG0974.TIF,[],['normal'],3,0.35156775
907,907,33_DR1-2/DR1-images-by-lesions/Normal Images/IMG0964 (2).TIF,[],['normal'],3,0.26881397
908,908,33_DR1-2/DR1-images-by-lesions/Normal Images/IMG0115 (2).TIF,[],['normal'],4,0.23249602
909,909,33_DR1-2/DR1-images-by-lesions/Normal Images/IMG0001 (3).TIF,[],['normal'],4,0.21454246
910,910,33_DR1-2/DR1-images-by-lesions/Normal Images/IMG0478 (5).TIF,[],['normal'],3,0.25644216
911,911,33_DR1-2/DR1-images-by-lesions/Normal Images/IMG0548 (7).TIF,[],['normal'],4,0.2189818
912,912,33_DR1-2/DR1-images-by-lesions/Normal Images/IMG0502 (3).TIF,[],['normal'],3,0.39799482
913,913,33_DR1-2/DR1-images-by-lesions/Normal Images/IMG0296 (5).TIF,[],['normal'],2,0.5153445
914,914,33_DR1-2/DR1-images-by-lesions/Normal Images/IMG0240 (6).TIF,[],['normal'],4,0.24630035
915,915,33_DR1-2/DR1-images-by-lesions/Normal Images/c (75).TIF,[],['normal'],3,0.34427392
916,916,33_DR1-2/DR1-images-by-lesions/Normal Images/IMG0423 (8).TIF,[],['normal'],3,0.39163974
917,917,33_DR1-2/DR1-images-by-lesions/Normal Images/IMG0436.TIF,[],['normal'],3,0.4059647
918,918,33_DR1-2/DR1-images-by-lesions/Normal Images/IMG0153 (12).TIF,[],['normal'],3,0.27115208
919,919,33_DR1-2/DR1-images-by-lesions/Normal Images/IMG0382 (3).TIF,[],['normal'],3,0.419844
920,920,33_DR1-2/DR1-images-by-lesions/Normal Images/IMG0001 (5).TIF,[],['normal'],3,0.25258863
921,921,33_DR1-2/DR1-images-by-lesions/Normal Images/IMG0173 (10).TIF,[],['normal'],4,0.24486862
922,922,33_DR1-2/DR1-images-by-lesions/Normal Images/IMG0134 (4).TIF,[],['normal'],3,0.3305917
923,923,33_DR1-2/DR1-images-by-lesions/Normal Images/IMG0510 (8).TIF,[],['normal'],3,0.3201254
924,924,33_DR1-2/DR1-images-by-lesions/Normal Images/iujbpol (28).TIF,[],['normal'],2,0.5360886
925,925,33_DR1-2/DR1-images-by-lesions/Normal Images/IMG0901.TIF,[],['normal'],3,0.25207284
926,926,33_DR1-2/DR1-images-by-lesions/Normal Images/IMG0572.TIF,[],['normal'],3,0.4967436
927,927,33_DR1-2/DR1-images-by-lesions/Normal Images/IMG0046 (9).TIF,[],['normal'],3,0.46052176
928,928,33_DR1-2/DR1-images-by-lesions/Normal Images/IMG0530 (3).TIF,[],['normal'],3,0.36517727
929,929,33_DR1-2/DR1-images-by-lesions/Normal Images/IMG0298.TIF,[],['normal'],3,0.39688033
930,930,33_DR1-2/DR1-images-by-lesions/Normal Images/IMG0231 (4).TIF,[],['normal'],3,0.2621548
931,931,33_DR1-2/DR1-images-by-lesions/Normal Images/IMG0875 (2).TIF,[],['normal'],3,0.36734927
932,932,33_DR1-2/DR1-images-by-lesions/Normal Images/IMG1017.TIF,[],['normal'],3,0.34871298
933,933,33_DR1-2/DR1-images-by-lesions/Normal Images/IMG0010 (21).TIF,[],['normal'],3,0.2944701
934,934,33_DR1-2/DR1-images-by-lesions/Normal Images/IMG0495.TIF,[],['normal'],3,0.3763248
935,935,33_DR1-2/DR1-images-by-lesions/Normal Images/IMG0016 (10).TIF,[],['normal'],3,0.295624
936,936,33_DR1-2/DR1-images-by-lesions/Normal Images/IMG0015 (11).TIF,[],['normal'],3,0.27608225
937,937,33_DR1-2/DR1-images-by-lesions/Normal Images/IMG0069 (3).TIF,[],['normal'],3,0.32302174
938,938,33_DR1-2/DR1-images-by-lesions/Normal Images/c (120).TIF,[],['normal'],3,0.28744778
939,939,33_DR1-2/DR1-images-by-lesions/Normal Images/IMG0244 (6).TIF,[],['normal'],4,0.24790092
940,940,33_DR1-2/DR1-images-by-lesions/Normal Images/IMG0183 (3).TIF,[],['normal'],3,0.32610443
941,941,33_DR1-2/DR1-images-by-lesions/Normal Images/IMG0188 (3).TIF,[],['normal'],3,0.43278173
942,942,33_DR1-2/DR1-images-by-lesions/Normal Images/IMG0377 (3).TIF,[],['normal'],3,0.32666907
943,943,33_DR1-2/DR1-images-by-lesions/Normal Images/IMG0159 (2).TIF,[],['normal'],4,0.19044128
944,944,33_DR1-2/DR1-images-by-lesions/Normal Images/IMG0876 (2).TIF,[],['normal'],3,0.25830737
945,945,33_DR1-2/DR1-images-by-lesions/Normal Images/IMG0248 (11).TIF,[],['normal'],3,0.42243153
946,946,33_DR1-2/DR1-images-by-lesions/Normal Images/IMG0429 (4).TIF,[],['normal'],3,0.2762626
947,947,33_DR1-2/DR1-images-by-lesions/Normal Images/IMG0221 (6).TIF,[],['normal'],3,0.36910757
948,948,33_DR1-2/DR1-images-by-lesions/Normal Images/IMG0294 (6).TIF,[],['normal'],3,0.30529577
949,949,33_DR1-2/DR1-images-by-lesions/Normal Images/IMG0867.TIF,[],['normal'],3,0.45649832
950,950,33_DR1-2/DR1-images-by-lesions/Normal Images/IMG0509 (9).TIF,[],['normal'],3,0.44774306
951,951,33_DR1-2/DR1-images-by-lesions/Normal Images/IMG0991.TIF,[],['normal'],3,0.30643696
952,952,33_DR1-2/DR1-images-by-lesions/Normal Images/IMG0461 (5).TIF,[],['normal'],3,0.38127458
953,953,33_DR1-2/DR1-images-by-lesions/Normal Images/IMG0813.TIF,[],['normal'],4,0.22001031
954,954,33_DR1-2/DR1-images-by-lesions/Normal Images/iujbpol (82).TIF,[],['normal'],3,0.446744
955,955,33_DR1-2/DR1-images-by-lesions/Normal Images/IMG0568 (2).TIF,[],['normal'],3,0.31750512
956,956,33_DR1-2/DR1-images-by-lesions/Normal Images/IMG0135 (8).TIF,[],['normal'],3,0.43281716
957,957,33_DR1-2/DR1-images-by-lesions/Normal Images/IMG0471 (8).TIF,[],['normal'],4,0.2253292
958,958,33_DR1-2/DR1-images-by-lesions/Normal Images/IMG0013 (9).TIF,[],['normal'],3,0.45678526
959,959,33_DR1-2/DR1-images-by-lesions/Normal Images/IMG0505 (6).TIF,[],['normal'],3,0.35021177
960,960,33_DR1-2/DR1-images-by-lesions/Normal Images/IMG0416 (3).TIF,[],['normal'],4,0.18578091
961,961,33_DR1-2/DR1-images-by-lesions/Normal Images/IMG0410 (2).TIF,[],['normal'],4,0.22784449
962,962,33_DR1-2/DR1-images-by-lesions/Normal Images/IMG0144 (10).TIF,[],['normal'],4,0.24704465
963,963,33_DR1-2/DR1-images-by-lesions/Normal Images/IMG0478 (2).TIF,[],['normal'],3,0.37062475
964,964,33_DR1-2/DR1-images-by-lesions/Normal Images/IMG0812.TIF,[],['normal'],3,0.42554107
965,965,33_DR1-2/DR1-images-by-lesions/Normal Images/IMG0539 (6).TIF,[],['normal'],3,0.31303304
966,966,33_DR1-2/DR1-images-by-lesions/Normal Images/IMG0895 (3).TIF,[],['normal'],3,0.28541976
967,967,33_DR1-2/DR1-images-by-lesions/Normal Images/l (19).TIF,[],['normal'],2,0.5360886
968,968,33_DR1-2/DR1-images-by-lesions/Normal Images/IMG0141 (4).TIF,[],['normal'],4,0.20553641
969,969,33_DR1-2/DR1-images-by-lesions/Normal Images/IMG0064 (3).TIF,[],['normal'],3,0.2921035
970,970,33_DR1-2/DR1-images-by-lesions/Normal Images/IMG0251 (15).TIF,[],['normal'],3,0.25612134
971,971,33_DR1-2/DR1-images-by-lesions/Normal Images/IMG0140 (4).TIF,[],['normal'],3,0.417741
972,972,33_DR1-2/DR1-images-by-lesions/Normal Images/iujbpol (83).TIF,[],['normal'],2,0.56364787
973,973,33_DR1-2/DR1-images-by-lesions/Normal Images/IMG0424 (5).TIF,[],['normal'],4,0.21133196
974,974,33_DR1-2/DR1-images-by-lesions/Normal Images/IMG0132 (9).TIF,[],['normal'],4,0.22273459
975,975,33_DR1-2/DR1-images-by-lesions/Normal Images/IMG0470 (10).TIF,[],['normal'],3,0.3023909
976,976,33_DR1-2/DR1-images-by-lesions/Normal Images/IMG0756 (4).TIF,[],['normal'],3,0.25051293
977,977,33_DR1-2/DR1-images-by-lesions/Normal Images/IMG0190 (5).TIF,[],['normal'],3,0.2554687
978,978,33_DR1-2/DR1-images-by-lesions/Normal Images/l (26).TIF,[],['normal'],3,0.45012802
979,979,33_DR1-2/DR1-images-by-lesions/Normal Images/IMG0473 (6).TIF,[],['normal'],3,0.34056816
980,980,33_DR1-2/DR1-images-by-lesions/Normal Images/IMG0009 (7).TIF,[],['normal'],3,0.477672
981,981,33_DR1-2/DR1-images-by-lesions/Normal Images/IMG0216 (12).TIF,[],['normal'],3,0.40384743
982,982,33_DR1-2/DR1-images-by-lesions/Normal Images/IMG0042 (6).TIF,[],['normal'],3,0.29358688
983,983,33_DR1-2/DR1-images-by-lesions/Normal Images/IMG0440.TIF,[],['normal'],2,0.72188514
984,984,33_DR1-2/DR1-images-by-lesions/Normal Images/IMG0431 (9).TIF,[],['normal'],3,0.29280797
985,985,33_DR1-2/DR1-images-by-lesions/Normal Images/IMG0531 (6).TIF,[],['normal'],3,0.40854585
986,986,33_DR1-2/DR1-images-by-lesions/Normal Images/A (30).TIF,[],['normal'],4,0.14593974
987,987,33_DR1-2/DR1-images-by-lesions/Normal Images/l (10).TIF,[],['normal'],3,0.33418068
988,988,33_DR1-2/DR1-images-by-lesions/Normal Images/IMG0460 (2).TIF,[],['normal'],3,0.32388115
989,989,33_DR1-2/DR1-images-by-lesions/Normal Images/IMG0490 (2).TIF,[],['normal'],4,0.2056526
990,990,33_DR1-2/DR1-images-by-lesions/Normal Images/IMG0145 (6).TIF,[],['normal'],3,0.37321562
991,991,33_DR1-2/DR1-images-by-lesions/Normal Images/IMG0249 (10).TIF,[],['normal'],4,0.2166612
992,992,33_DR1-2/DR1-images-by-lesions/Normal Images/IMG0189 (3).TIF,[],['normal'],4,0.23573683
993,993,33_DR1-2/DR1-images-by-lesions/Normal Images/IMG0622 (4).TIF,[],['normal'],3,0.29801702
994,994,33_DR1-2/DR1-images-by-lesions/Normal Images/A (29).TIF,[],['normal'],3,0.3308459
995,995,33_DR1-2/DR1-images-by-lesions/Normal Images/IMG0442 (4).TIF,[],['normal'],4,0.24784128
996,996,33_DR1-2/DR1-images-by-lesions/Normal Images/IMG0153 (4).TIF,[],['normal'],3,0.42389432
997,997,33_DR1-2/DR1-images-by-lesions/Normal Images/IMG0261.TIF,[],['normal'],3,0.49182227
998,998,33_DR1-2/DR1-images-by-lesions/Normal Images/IMG0450.TIF,[],['normal'],3,0.2973118
999,999,33_DR1-2/DR1-images-by-lesions/Normal Images/IMG0901 (3).TIF,[],['normal'],3,0.25256416
1000,1000,33_DR1-2/DR1-images-by-lesions/Normal Images/IMG0385 (2).TIF,[],['normal'],4,0.24341522
1001,1001,33_DR1-2/DR1-images-by-lesions/Normal Images/IMG0424 (8).TIF,[],['normal'],3,0.3510792
1002,1002,33_DR1-2/DR1-images-by-lesions/Normal Images/IMG0196.TIF,[],['normal'],3,0.28059995
1003,1003,33_DR1-2/DR1-images-by-lesions/Normal Images/A (47).TIF,[],['normal'],3,0.45343113
1004,1004,33_DR1-2/DR1-images-by-lesions/Normal Images/IMG0314 (5).TIF,[],['normal'],3,0.47603625
1005,1005,33_DR1-2/DR1-images-by-lesions/Normal Images/c (84).TIF,[],['normal'],4,0.1688611
1006,1006,33_DR1-2/DR1-images-by-lesions/Normal Images/IMG0539.TIF,[],['normal'],3,0.4072961
1007,1007,33_DR1-2/DR1-images-by-lesions/Normal Images/IMG0396 (11).TIF,[],['normal'],4,0.20818499
1008,1008,33_DR1-2/DR1-images-by-lesions/Normal Images/IMG0050 (11).TIF,[],['normal'],3,0.28975597
1009,1009,33_DR1-2/DR1-images-by-lesions/Normal Images/IMG0071 (5).TIF,[],['normal'],4,0.15817092
1010,1010,33_DR1-2/DR1-images-by-lesions/Normal Images/IMG0321 (9).TIF,[],['normal'],4,0.1895345
1011,1011,33_DR1-2/DR1-images-by-lesions/Normal Images/IMG0491 (13).TIF,[],['normal'],4,0.2099716
1012,1012,33_DR1-2/DR1-images-by-lesions/Normal Images/IMG0259 (10).TIF,[],['normal'],3,0.4574179
1013,1013,33_DR1-2/DR1-images-by-lesions/Normal Images/rr (10).TIF,[],['normal'],2,0.63132143
1014,1014,33_DR1-2/DR1-images-by-lesions/Normal Images/IMG0142 (15).TIF,[],['normal'],3,0.33111545
1015,1015,33_DR1-2/DR1-images-by-lesions/Normal Images/IMG0710 (2).TIF,[],['normal'],3,0.2571822
1016,1016,33_DR1-2/DR1-images-by-lesions/Normal Images/IMG0423 (6).TIF,[],['normal'],3,0.26840526
1017,1017,33_DR1-2/DR1-images-by-lesions/Normal Images/IMG0420 (8).TIF,[],['normal'],3,0.35471418
1018,1018,33_DR1-2/DR1-images-by-lesions/Normal Images/c (110).TIF,[],['normal'],2,0.5108034
1019,1019,33_DR1-2/DR1-images-by-lesions/Normal Images/A (154).TIF,[],['normal'],3,0.31581587
1020,1020,33_DR1-2/DR1-images-by-lesions/Normal Images/IMG0197 (12).TIF,[],['normal'],4,0.24458781
1021,1021,33_DR1-2/DR1-images-by-lesions/Normal Images/IMG0040 (5).TIF,[],['normal'],3,0.45612487
1022,1022,33_DR1-2/DR1-images-by-lesions/Normal Images/IMG0014 (10).TIF,[],['normal'],3,0.41674104
1023,1023,33_DR1-2/DR1-images-by-lesions/Normal Images/IMG0135 (3).TIF,[],['normal'],3,0.3408557
1024,1024,33_DR1-2/DR1-images-by-lesions/Normal Images/IMG0284 (10).TIF,[],['normal'],3,0.31743222
1025,1025,33_DR1-2/DR1-images-by-lesions/Normal Images/IMG0482 (13).TIF,[],['normal'],3,0.43249956
1026,1026,33_DR1-2/DR1-images-by-lesions/Normal Images/IMG0946.TIF,[],['normal'],3,0.32563218
1027,1027,33_DR1-2/DR1-images-by-lesions/Normal Images/IMG0250 (19).TIF,[],['normal'],3,0.26174173
1028,1028,33_DR1-2/DR1-images-by-lesions/Normal Images/IMG0759 (2).TIF,[],['normal'],3,0.3542916
1029,1029,33_DR1-2/DR1-images-by-lesions/Normal Images/IMG0242 (5).TIF,[],['normal'],3,0.27805406
1030,1030,33_DR1-2/DR1-images-by-lesions/Normal Images/IMG0483.TIF,[],['normal'],3,0.48954773
1031,1031,33_DR1-2/DR1-images-by-lesions/Normal Images/IMG0039 (6).TIF,[],['normal'],3,0.36458176
1032,1032,33_DR1-2/DR1-images-by-lesions/Normal Images/IMG0144 (8).TIF,[],['normal'],3,0.28778562
1033,1033,33_DR1-2/DR1-images-by-lesions/Normal Images/IMG0322 (8).TIF,[],['normal'],4,0.20941901
1034,1034,33_DR1-2/DR1-images-by-lesions/Normal Images/IMG0042 (5).TIF,[],['normal'],3,0.2979515
1035,1035,33_DR1-2/DR1-images-by-lesions/Normal Images/IMG0137 (12).TIF,[],['normal'],3,0.27483717
1036,1036,33_DR1-2/DR1-images-by-lesions/Normal Images/IMG0001 (12).TIF,[],['normal'],3,0.30468962
1037,1037,33_DR1-2/DR1-images-by-lesions/Normal Images/A (44).TIF,[],['normal'],3,0.49395055
1038,1038,33_DR1-2/DR1-images-by-lesions/Normal Images/IMG0315 (7).TIF,[],['normal'],3,0.42505068
1039,1039,33_DR1-2/DR1-images-by-lesions/Normal Images/IMG0007 (24).TIF,[],['normal'],3,0.2612232
1040,1040,33_DR1-2/DR1-images-by-lesions/Normal Images/IMG0226 (9).TIF,[],['normal'],4,0.2375003
1041,1041,33_DR1-2/DR1-images-by-lesions/Normal Images/IMG0900.TIF,[],['normal'],4,0.18724714
1042,1042,33_DR1-2/DR1-images-by-lesions/Normal Images/IMG0453 (2).TIF,[],['normal'],3,0.3083029
1043,1043,33_DR1-2/DR1-images-by-lesions/Normal Images/IMG0894 (3).TIF,[],['normal'],3,0.3125391
1044,1044,33_DR1-2/DR1-images-by-lesions/Normal Images/IMG0531 (3).TIF,[],['normal'],2,0.5116689
1045,1045,33_DR1-2/DR1-images-by-lesions/Normal Images/IMG0204 (7).TIF,[],['normal'],3,0.38282898
1046,1046,33_DR1-2/DR1-images-by-lesions/Normal Images/IMG0004 (17).TIF,[],['normal'],3,0.29742578
1047,1047,33_DR1-2/DR1-images-by-lesions/Normal Images/IMG0365 (5).TIF,[],['normal'],3,0.40374085
1048,1048,33_DR1-2/DR1-images-by-lesions/Normal Images/IMG0749 (2).TIF,[],['normal'],3,0.30625716
1049,1049,33_DR1-2/DR1-images-by-lesions/Normal Images/IMG0221 (11).TIF,[],['normal'],3,0.28226888
1050,1050,33_DR1-2/DR1-images-by-lesions/Normal Images/IMG0411 (11).TIF,[],['normal'],3,0.28188577
1051,1051,33_DR1-2/DR1-images-by-lesions/Normal Images/IMG0242 (6).TIF,[],['normal'],3,0.40185294
1052,1052,33_DR1-2/DR1-images-by-lesions/Normal Images/IMG0487 (14).TIF,[],['normal'],3,0.28523013
1053,1053,33_DR1-2/DR1-images-by-lesions/Normal Images/IMG0312 (4).TIF,[],['normal'],3,0.3403586
1054,1054,33_DR1-2/DR1-images-by-lesions/Normal Images/IMG0421 (9).TIF,[],['normal'],4,0.21388532
1055,1055,33_DR1-2/DR1-images-by-lesions/Normal Images/IMG0469 (10).TIF,[],['normal'],3,0.33303112
1056,1056,33_DR1-2/DR1-images-by-lesions/Normal Images/IMG0421 (6).TIF,[],['normal'],4,0.21573746
1057,1057,33_DR1-2/DR1-images-by-lesions/Normal Images/IMG0514 (2).TIF,[],['normal'],3,0.27643988
1058,1058,33_DR1-2/DR1-images-by-lesions/Normal Images/IMG0686 (2).TIF,[],['normal'],3,0.36409646
1059,1059,33_DR1-2/DR1-images-by-lesions/Normal Images/IMG0034 (3).TIF,[],['normal'],4,0.22692776
1060,1060,33_DR1-2/DR1-images-by-lesions/Normal Images/IMG0241 (6).TIF,[],['normal'],3,0.36268
1061,1061,33_DR1-2/DR1-images-by-lesions/Normal Images/IMG0176 (8).TIF,[],['normal'],4,0.22865641
1062,1062,33_DR1-2/DR1-images-by-lesions/Normal Images/IMG0903.TIF,[],['normal'],3,0.3959265
1063,1063,33_DR1-2/DR1-images-by-lesions/Normal Images/IMG0233 (8).TIF,[],['normal'],3,0.29062063
1064,1064,33_DR1-2/DR1-images-by-lesions/Normal Images/IMG0922 (2).TIF,[],['normal'],3,0.43266207
1065,1065,33_DR1-2/DR1-images-by-lesions/Normal Images/IMG0466.TIF,[],['normal'],3,0.31512156
1066,1066,33_DR1-2/DR1-images-by-lesions/Normal Images/iujbpol (61).TIF,[],['normal'],2,0.5627463
1067,1067,33_DR1-2/DR1-images-by-lesions/Normal Images/IMG0565 (4).TIF,[],['normal'],3,0.38075957
1068,1068,33_DR1-2/DR1-images-by-lesions/Normal Images/IMG0081 (7).TIF,[],['normal'],3,0.2948628
1069,1069,33_DR1-2/DR1-images-by-lesions/Normal Images/IMG0949.TIF,[],['normal'],3,0.31757164
1070,1070,33_DR1-2/DR1-images-by-lesions/Normal Images/IMG0137.TIF,[],['normal'],3,0.40178022
1071,1071,33_DR1-2/DR1-images-by-lesions/Normal Images/IMG0266 (6).TIF,[],['normal'],3,0.3556103
1072,1072,33_DR1-2/DR1-images-by-lesions/Normal Images/IMG0247 (13).TIF,[],['normal'],3,0.26554847
1073,1073,33_DR1-2/DR1-images-by-lesions/Normal Images/IMG0175 (10).TIF,[],['normal'],3,0.27995828
1074,1074,33_DR1-2/DR1-images-by-lesions/Normal Images/B (30).TIF,[],['normal'],4,0.14593974
1075,1075,33_DR1-2/DR1-images-by-lesions/Normal Images/IMG0309 (7).TIF,[],['normal'],3,0.2955677
1076,1076,33_DR1-2/DR1-images-by-lesions/Normal Images/IMG0111 (7).TIF,[],['normal'],3,0.25233346
1077,1077,33_DR1-2/DR1-images-by-lesions/Normal Images/IMG0240 (3).TIF,[],['normal'],4,0.23184483
1078,1078,33_DR1-2/DR1-images-by-lesions/Normal Images/IMG0272 (8).TIF,[],['normal'],4,0.23509099
1079,1079,33_DR1-2/DR1-images-by-lesions/Normal Images/IMG0539 (8).TIF,[],['normal'],3,0.42682236
1080,1080,33_DR1-2/DR1-images-by-lesions/Normal Images/IMG0952.TIF,[],['normal'],4,0.22153431
1081,1081,33_DR1-2/DR1-images-by-lesions/Normal Images/IMG0170 (11).TIF,[],['normal'],3,0.3036746
1082,1082,33_DR1-2/DR1-images-by-lesions/Normal Images/IMG0171 (13).TIF,[],['normal'],2,0.5330319
1083,1083,33_DR1-2/DR1-images-by-lesions/Normal Images/IMG0557 (4).TIF,[],['normal'],3,0.35907665
1084,1084,33_DR1-2/DR1-images-by-lesions/Normal Images/IMG0077 (6).TIF,[],['normal'],3,0.3514488
1085,1085,33_DR1-2/DR1-images-by-lesions/Normal Images/IMG0013 (22).TIF,[],['normal'],4,0.20520256
1086,1086,33_DR1-2/DR1-images-by-lesions/Normal Images/IMG0164.TIF,[],['normal'],3,0.38350058
1087,1087,33_DR1-2/DR1-images-by-lesions/Normal Images/IMG0405 (10).TIF,[],['normal'],3,0.29609466
1088,1088,33_DR1-2/DR1-images-by-lesions/Normal Images/IMG0438.TIF,[],['normal'],4,0.24718484
1089,1089,33_DR1-2/DR1-images-by-lesions/Normal Images/IMG0467 (6).TIF,[],['normal'],3,0.2707694
1090,1090,33_DR1-2/DR1-images-by-lesions/Normal Images/IMG0422 (5).TIF,[],['normal'],4,0.23476832
1091,1091,33_DR1-2/DR1-images-by-lesions/Normal Images/IMG0159 (8).TIF,[],['normal'],4,0.22801465
1092,1092,33_DR1-2/DR1-images-by-lesions/Normal Images/IMG0497 (8).TIF,[],['normal'],3,0.2969572
1093,1093,33_DR1-2/DR1-images-by-lesions/Normal Images/IMG0419 (4).TIF,[],['normal'],3,0.30500153
1094,1094,33_DR1-2/DR1-images-by-lesions/Normal Images/IMG0907 (2).TIF,[],['normal'],3,0.33190513
1095,1095,33_DR1-2/DR1-images-by-lesions/Normal Images/IMG0454 (5).TIF,[],['normal'],3,0.2623538
1096,1096,33_DR1-2/DR1-images-by-lesions/Normal Images/IMG0174 (7).TIF,[],['normal'],3,0.44570053
1097,1097,33_DR1-2/DR1-images-by-lesions/Normal Images/IMG0889.TIF,[],['normal'],3,0.48325768
1098,1098,33_DR1-2/DR1-images-by-lesions/Normal Images/IMG0283 (4).TIF,[],['normal'],4,0.23262057
1099,1099,33_DR1-2/DR1-images-by-lesions/Normal Images/IMG0321 (2).TIF,[],['normal'],4,0.22452086
1100,1100,33_DR1-2/DR1-images-by-lesions/Normal Images/IMG0532 (4).TIF,[],['normal'],4,0.19983266
1101,1101,33_DR1-2/DR1-images-by-lesions/Normal Images/IMG0134 (15).TIF,[],['normal'],3,0.4978294
1102,1102,33_DR1-2/DR1-images-by-lesions/Normal Images/A (21).TIF,[],['normal'],3,0.3533496
1103,1103,33_DR1-2/DR1-images-by-lesions/Normal Images/IMG0331 (4).TIF,[],['normal'],3,0.39373526
1104,1104,33_DR1-2/DR1-images-by-lesions/Normal Images/IMG0051 (3).TIF,[],['normal'],3,0.28381133
1105,1105,33_DR1-2/DR1-images-by-lesions/Normal Images/IMG0226 (8).TIF,[],['normal'],4,0.1610904
1106,1106,33_DR1-2/DR1-images-by-lesions/Normal Images/A (118).TIF,[],['normal'],4,0.21248387
1107,1107,33_DR1-2/DR1-images-by-lesions/Normal Images/IMG0426.TIF,[],['normal'],4,0.23919941
1108,1108,33_DR1-2/DR1-images-by-lesions/Normal Images/IMG0197 (6).TIF,[],['normal'],4,0.22953351
1109,1109,33_DR1-2/DR1-images-by-lesions/Normal Images/IMG0472 (9).TIF,[],['normal'],3,0.32499886
1110,1110,33_DR1-2/DR1-images-by-lesions/Normal Images/y (9).TIF,[],['normal'],3,0.39694244
1111,1111,33_DR1-2/DR1-images-by-lesions/Normal Images/IMG0434 (5).TIF,[],['normal'],3,0.4022406
1112,1112,33_DR1-2/DR1-images-by-lesions/Normal Images/c.TIF,[],['normal'],3,0.27145207
1113,1113,33_DR1-2/DR1-images-by-lesions/Normal Images/IMG0760 (4).TIF,[],['normal'],3,0.391193
1114,1114,33_DR1-2/DR1-images-by-lesions/Normal Images/IMG0250 (8).TIF,[],['normal'],4,0.22354266
1115,1115,33_DR1-2/DR1-images-by-lesions/Normal Images/IMG0192 (3).TIF,[],['normal'],3,0.27683607
1116,1116,33_DR1-2/DR1-images-by-lesions/Normal Images/IMG0295 (5).TIF,[],['normal'],3,0.28185448
1117,1117,33_DR1-2/DR1-images-by-lesions/Normal Images/IMG0465 (7).TIF,[],['normal'],4,0.24665533
1118,1118,33_DR1-2/DR1-images-by-lesions/Normal Images/IMG0144 (15).TIF,[],['normal'],3,0.27461073
1119,1119,33_DR1-2/DR1-images-by-lesions/Normal Images/y (17).TIF,[],['normal'],2,0.51425296
1120,1120,33_DR1-2/DR1-images-by-lesions/Normal Images/IMG0137 (7).TIF,[],['normal'],3,0.3953086
1121,1121,33_DR1-2/DR1-images-by-lesions/Normal Images/IMG0425.TIF,[],['normal'],3,0.35211116
1122,1122,33_DR1-2/DR1-images-by-lesions/Normal Images/IMG0142 (11).TIF,[],['normal'],3,0.3877629
1123,1123,33_DR1-2/DR1-images-by-lesions/Normal Images/IMG0020 (8).TIF,[],['normal'],4,0.1816126
1124,1124,33_DR1-2/DR1-images-by-lesions/Normal Images/IMG0290 (2).TIF,[],['normal'],3,0.36679956
1125,1125,33_DR1-2/DR1-images-by-lesions/Normal Images/IMG0532.TIF,[],['normal'],3,0.3327765
1126,1126,33_DR1-2/DR1-images-by-lesions/Normal Images/IMG0213 (7).TIF,[],['normal'],3,0.32964477
1127,1127,33_DR1-2/DR1-images-by-lesions/Normal Images/IMG0009.TIF,[],['normal'],3,0.43161967
1128,1128,33_DR1-2/DR1-images-by-lesions/Normal Images/IMG0423 (3).TIF,[],['normal'],3,0.26996174
1129,1129,33_DR1-2/DR1-images-by-lesions/Normal Images/IMG0001 (27).TIF,[],['normal'],3,0.3687514
1130,1130,33_DR1-2/DR1-images-by-lesions/Normal Images/IMG0002 (12).TIF,[],['normal'],3,0.45523235
1131,1131,33_DR1-2/DR1-images-by-lesions/Normal Images/IMG0428 (7).TIF,[],['normal'],3,0.32546574
1132,1132,33_DR1-2/DR1-images-by-lesions/Normal Images/IMG0205 (5).TIF,[],['normal'],3,0.28311926
1133,1133,33_DR1-2/DR1-images-by-lesions/Normal Images/IMG0001 (14).TIF,[],['normal'],3,0.39454028
1134,1134,33_DR1-2/DR1-images-by-lesions/Normal Images/IMG0437 (9).TIF,[],['normal'],3,0.31129122
1135,1135,33_DR1-2/DR1-images-by-lesions/Normal Images/IMG0010 (8).TIF,[],['normal'],4,0.23697725
1136,1136,33_DR1-2/DR1-images-by-lesions/Normal Images/B (39).TIF,[],['normal'],4,0.20959097
1137,1137,33_DR1-2/DR1-images-by-lesions/Normal Images/IMG0043 (4).TIF,[],['normal'],3,0.37934345
1138,1138,33_DR1-2/DR1-images-by-lesions/Normal Images/IMG0951.TIF,[],['normal'],3,0.4709275
1139,1139,33_DR1-2/DR1-images-by-lesions/Normal Images/c (27).TIF,[],['normal'],3,0.29459813
1140,1140,33_DR1-2/DR1-images-by-lesions/Normal Images/IMG0294 (7).TIF,[],['normal'],4,0.21606752
1141,1141,33_DR1-2/DR1-images-by-lesions/Normal Images/IMG0139 (4).TIF,[],['normal'],2,0.5551178
1142,1142,33_DR1-2/DR1-images-by-lesions/Normal Images/IMG0412 (2).TIF,[],['normal'],3,0.26241133
1143,1143,33_DR1-2/DR1-images-by-lesions/Normal Images/IMG0467.TIF,[],['normal'],3,0.39495715
1144,1144,33_DR1-2/DR1-images-by-lesions/Normal Images/A (185).TIF,[],['normal'],3,0.4467715
1145,1145,33_DR1-2/DR1-images-by-lesions/Normal Images/IMG0574 (5).TIF,[],['normal'],3,0.3416703
1146,1146,33_DR1-2/DR1-images-by-lesions/Normal Images/IMG0319 (5).TIF,[],['normal'],3,0.41767892
1147,1147,33_DR1-2/DR1-images-by-lesions/Normal Images/IMG0577 (2).TIF,[],['normal'],3,0.28483063
1148,1148,33_DR1-2/DR1-images-by-lesions/Normal Images/IMG0152 (11).TIF,[],['normal'],4,0.23919483
1149,1149,33_DR1-2/DR1-images-by-lesions/Normal Images/IMG0436 (11).TIF,[],['normal'],4,0.18960056
1150,1150,33_DR1-2/DR1-images-by-lesions/Normal Images/IMG0205 (4).TIF,[],['normal'],4,0.2457836
1151,1151,33_DR1-2/DR1-images-by-lesions/Normal Images/IMG0041 (7).TIF,[],['normal'],3,0.27779678
1152,1152,33_DR1-2/DR1-images-by-lesions/Normal Images/IMG0486 (6).TIF,[],['normal'],3,0.31517717
1153,1153,33_DR1-2/DR1-images-by-lesions/Normal Images/IMG0183 (8).TIF,[],['normal'],3,0.3266621
1154,1154,33_DR1-2/DR1-images-by-lesions/Normal Images/A (19).TIF,[],['normal'],3,0.3347915
1155,1155,33_DR1-2/DR1-images-by-lesions/Normal Images/A (188).TIF,[],['normal'],2,0.51245743
1156,1156,33_DR1-2/DR1-images-by-lesions/Normal Images/IMG0435.TIF,[],['normal'],3,0.45417073
1157,1157,33_DR1-2/DR1-images-by-lesions/Normal Images/IMG0293 (2).TIF,[],['normal'],4,0.24233136
1158,1158,33_DR1-2/DR1-images-by-lesions/Normal Images/IMG0060 (12).TIF,[],['normal'],3,0.32280123
1159,1159,33_DR1-2/DR1-images-by-lesions/Normal Images/IMG0531.TIF,[],['normal'],4,0.2463245
1160,1160,33_DR1-2/DR1-images-by-lesions/Normal Images/A (184).TIF,[],['normal'],3,0.40680468
1161,1161,33_DR1-2/DR1-images-by-lesions/Normal Images/IMG0453 (9).TIF,[],['normal'],3,0.2733473
1162,1162,33_DR1-2/DR1-images-by-lesions/Normal Images/IMG0270.TIF,[],['normal'],3,0.4973007
1163,1163,33_DR1-2/DR1-images-by-lesions/Normal Images/IMG0197 (5).TIF,[],['normal'],4,0.21726544
1164,1164,33_DR1-2/DR1-images-by-lesions/Normal Images/IMG0874 (2).TIF,[],['normal'],3,0.3307309
1165,1165,33_DR1-2/DR1-images-by-lesions/Normal Images/IMG0414 (3).TIF,[],['normal'],3,0.32014537
1166,1166,33_DR1-2/DR1-images-by-lesions/Normal Images/IMG0182 (9).TIF,[],['normal'],3,0.33301055
1167,1167,33_DR1-2/DR1-images-by-lesions/Normal Images/IMG0456 (4).TIF,[],['normal'],3,0.28316638
1168,1168,33_DR1-2/DR1-images-by-lesions/Normal Images/IMG0248 (18).TIF,[],['normal'],3,0.4659982
1169,1169,33_DR1-2/DR1-images-by-lesions/Normal Images/IMG0497.TIF,[],['normal'],2,0.6275967
1170,1170,33_DR1-2/DR1-images-by-lesions/Normal Images/IMG0429 (6).TIF,[],['normal'],3,0.27451834
1171,1171,33_DR1-2/DR1-images-by-lesions/Normal Images/IMG0227 (9).TIF,[],['normal'],3,0.44252095
1172,1172,33_DR1-2/DR1-images-by-lesions/Normal Images/IMG0185 (2).TIF,[],['normal'],3,0.31308496
1173,1173,33_DR1-2/DR1-images-by-lesions/Normal Images/IMG0759 (4).TIF,[],['normal'],3,0.32093588
1174,1174,33_DR1-2/DR1-images-by-lesions/Normal Images/IMG0948.TIF,[],['normal'],2,0.5297153
1175,1175,33_DR1-2/DR1-images-by-lesions/Normal Images/IMG0232 (6).TIF,[],['normal'],3,0.334965
1176,1176,33_DR1-2/DR1-images-by-lesions/Normal Images/IMG0082 (7).TIF,[],['normal'],4,0.24681465
1177,1177,33_DR1-2/DR1-images-by-lesions/Normal Images/IMG0257 (4).TIF,[],['normal'],3,0.39412627
1178,1178,33_DR1-2/DR1-images-by-lesions/Normal Images/IMG0132 (13).TIF,[],['normal'],3,0.28987673
1179,1179,33_DR1-2/DR1-images-by-lesions/Normal Images/IMG0496 (7).TIF,[],['normal'],4,0.2410987
1180,1180,33_DR1-2/DR1-images-by-lesions/Normal Images/IMG0133 (13).TIF,[],['normal'],3,0.26959735
1181,1181,33_DR1-2/DR1-images-by-lesions/Normal Images/IMG0322 (6).TIF,[],['normal'],3,0.40551767
1182,1182,33_DR1-2/DR1-images-by-lesions/Normal Images/IMG0462 (5).TIF,[],['normal'],3,0.3035839
1183,1183,33_DR1-2/DR1-images-by-lesions/Normal Images/IMG0041 (6).TIF,[],['normal'],4,0.2075231
1184,1184,33_DR1-2/DR1-images-by-lesions/Normal Images/IMG0030 (2).TIF,[],['normal'],3,0.3281963
1185,1185,33_DR1-2/DR1-images-by-lesions/Normal Images/IMG0905 (2).TIF,[],['normal'],3,0.31961823
1186,1186,33_DR1-2/DR1-images-by-lesions/Normal Images/IMG0131 (11).TIF,[],['normal'],3,0.44252095
1187,1187,33_DR1-2/DR1-images-by-lesions/Normal Images/IMG0175 (9).TIF,[],['normal'],3,0.3138785
1188,1188,33_DR1-2/DR1-images-by-lesions/Normal Images/IMG0750 (2).TIF,[],['normal'],3,0.34130886
1189,1189,33_DR1-2/DR1-images-by-lesions/Normal Images/IMG0004 (14).TIF,[],['normal'],3,0.36736977
1190,1190,33_DR1-2/DR1-images-by-lesions/Normal Images/IMG0542 (5).TIF,[],['normal'],3,0.26694065
1191,1191,33_DR1-2/DR1-images-by-lesions/Normal Images/iujbpol (80).TIF,[],['normal'],2,0.61494166
1192,1192,33_DR1-2/DR1-images-by-lesions/Normal Images/IMG0251 (5).TIF,[],['normal'],4,0.21116664
1193,1193,33_DR1-2/DR1-images-by-lesions/Normal Images/IMG0287 (6).TIF,[],['normal'],3,0.37063318
1194,1194,33_DR1-2/DR1-images-by-lesions/Normal Images/IMG0426 (4).TIF,[],['normal'],3,0.28989205
1195,1195,33_DR1-2/DR1-images-by-lesions/Normal Images/IMG0229 (3).TIF,[],['normal'],3,0.3810462
1196,1196,33_DR1-2/DR1-images-by-lesions/Normal Images/IMG0267 (7).TIF,[],['normal'],3,0.25309607
1197,1197,33_DR1-2/DR1-images-by-lesions/Normal Images/l (11).TIF,[],['normal'],2,0.55154884
1198,1198,33_DR1-2/DR1-images-by-lesions/Normal Images/IMG0520 (4).TIF,[],['normal'],3,0.36533865
1199,1199,33_DR1-2/DR1-images-by-lesions/Normal Images/IMG0244 (8).TIF,[],['normal'],4,0.21856576
1200,1200,33_DR1-2/DR1-images-by-lesions/Normal Images/IMG0250 (20).TIF,[],['normal'],3,0.37487125
1201,1201,33_DR1-2/DR1-images-by-lesions/Normal Images/l (17).TIF,[],['normal'],3,0.4692861
1202,1202,33_DR1-2/DR1-images-by-lesions/Normal Images/IMG0458 (3).TIF,[],['normal'],3,0.29196265
1203,1203,33_DR1-2/DR1-images-by-lesions/Normal Images/IMG0474 (6).TIF,[],['normal'],4,0.23768021
1204,1204,33_DR1-2/DR1-images-by-lesions/Normal Images/IMG0240 (4).TIF,[],['normal'],3,0.43178877
1205,1205,33_DR1-2/DR1-images-by-lesions/Normal Images/IMG0003 (24).TIF,[],['normal'],3,0.3588412
1206,1206,33_DR1-2/DR1-images-by-lesions/Normal Images/IMG0006 (6).TIF,[],['normal'],4,0.22457895
1207,1207,33_DR1-2/DR1-images-by-lesions/Normal Images/IMG0075 (12).TIF,[],['normal'],3,0.36616462
1208,1208,33_DR1-2/DR1-images-by-lesions/Normal Images/IMG0427 (8).TIF,[],['normal'],3,0.35769913
1209,1209,33_DR1-2/DR1-images-by-lesions/Normal Images/IMG0241 (5).TIF,[],['normal'],3,0.284063
1210,1210,33_DR1-2/DR1-images-by-lesions/Normal Images/IMG0227 (10).TIF,[],['normal'],3,0.26891172
1211,1211,33_DR1-2/DR1-images-by-lesions/Normal Images/IMG0656.TIF,[],['normal'],2,0.5421125
1212,1212,33_DR1-2/DR1-images-by-lesions/Normal Images/IMG0124 (2).TIF,[],['normal'],3,0.4919517
1213,1213,33_DR1-2/DR1-images-by-lesions/Normal Images/IMG0037 (4).TIF,[],['normal'],3,0.3144043
1214,1214,33_DR1-2/DR1-images-by-lesions/Normal Images/IMG0246 (10).TIF,[],['normal'],3,0.2792337
1215,1215,33_DR1-2/DR1-images-by-lesions/Normal Images/IMG0229 (8).TIF,[],['normal'],3,0.26959735
1216,1216,33_DR1-2/DR1-images-by-lesions/Normal Images/IMG0072 (3).TIF,[],['normal'],3,0.3759173
1217,1217,33_DR1-2/DR1-images-by-lesions/Normal Images/IMG0005 (25).TIF,[],['normal'],3,0.25368795
1218,1218,33_DR1-2/DR1-images-by-lesions/Normal Images/IMG0149 (5).TIF,[],['normal'],3,0.25181222
1219,1219,33_DR1-2/DR1-images-by-lesions/Normal Images/IMG0008 (25).TIF,[],['normal'],3,0.34721074
1220,1220,33_DR1-2/DR1-images-by-lesions/Normal Images/IMG0418 (3).TIF,[],['normal'],2,0.56642103
1221,1221,33_DR1-2/DR1-images-by-lesions/Normal Images/IMG0250 (11).TIF,[],['normal'],3,0.31112742
1222,1222,33_DR1-2/DR1-images-by-lesions/Normal Images/IMG0033 (3).TIF,[],['normal'],3,0.34523353
1223,1223,33_DR1-2/DR1-images-by-lesions/Normal Images/IMG0143 (4).TIF,[],['normal'],3,0.35274088
1224,1224,33_DR1-2/DR1-images-by-lesions/Normal Images/IMG0031 (5).TIF,[],['normal'],3,0.27849495
1225,1225,33_DR1-2/DR1-images-by-lesions/Normal Images/IMG0073 (11).TIF,[],['normal'],4,0.22199002
1226,1226,33_DR1-2/DR1-images-by-lesions/Normal Images/IMG0412 (10).TIF,[],['normal'],3,0.27775225
1227,1227,33_DR1-2/DR1-images-by-lesions/Normal Images/IMG0010 (20).TIF,[],['normal'],3,0.27152726
1228,1228,33_DR1-2/DR1-images-by-lesions/Normal Images/IMG0430.TIF,[],['normal'],4,0.21467471
1229,1229,33_DR1-2/DR1-images-by-lesions/Normal Images/IMG0248 (10).TIF,[],['normal'],3,0.29038358
1230,1230,33_DR1-2/DR1-images-by-lesions/Normal Images/IMG0001 (11).TIF,[],['normal'],3,0.26931477
1231,1231,33_DR1-2/DR1-images-by-lesions/Normal Images/IMG0134 (11).TIF,[],['normal'],4,0.17394325
1232,1232,33_DR1-2/DR1-images-by-lesions/Normal Images/IMG0864 (2).TIF,[],['normal'],3,0.35128772
1233,1233,33_DR1-2/DR1-images-by-lesions/Normal Images/IMG0066 (11).TIF,[],['normal'],3,0.29540184
1234,1234,33_DR1-2/DR1-images-by-lesions/Normal Images/A (107).TIF,[],['normal'],2,0.59991825
1235,1235,33_DR1-2/DR1-images-by-lesions/Normal Images/IMG0439.TIF,[],['normal'],3,0.259836
1236,1236,33_DR1-2/DR1-images-by-lesions/Normal Images/IMG0511 (8).TIF,[],['normal'],3,0.39487657
1237,1237,33_DR1-2/DR1-images-by-lesions/Normal Images/IMG0220 (11).TIF,[],['normal'],3,0.3191131
1238,1238,33_DR1-2/DR1-images-by-lesions/Normal Images/IMG0146 (7).TIF,[],['normal'],3,0.265588
1239,1239,33_DR1-2/DR1-images-by-lesions/Normal Images/IMG0249 (7).TIF,[],['normal'],3,0.32274497
1240,1240,33_DR1-2/DR1-images-by-lesions/Normal Images/IMG0252 (5).TIF,[],['normal'],3,0.3996303
1241,1241,33_DR1-2/DR1-images-by-lesions/Normal Images/IMG0457 (4).TIF,[],['normal'],2,0.5009502
1242,1242,33_DR1-2/DR1-images-by-lesions/Normal Images/IMG0248 (7).TIF,[],['normal'],4,0.23875195
1243,1243,33_DR1-2/DR1-images-by-lesions/Normal Images/IMG0012 (22).TIF,[],['normal'],3,0.29669234
1244,1244,33_DR1-2/DR1-images-by-lesions/Normal Images/IMG0975.TIF,[],['normal'],3,0.3119613
1245,1245,33_DR1-2/DR1-images-by-lesions/Normal Images/IMG0123 (4).TIF,[],['normal'],3,0.34943065
1246,1246,33_DR1-2/DR1-images-by-lesions/Normal Images/IMG0255 (8).TIF,[],['normal'],3,0.253383
1247,1247,33_DR1-2/DR1-images-by-lesions/Normal Images/IMG0230 (9).TIF,[],['normal'],3,0.4978294
1248,1248,33_DR1-2/DR1-images-by-lesions/Normal Images/iujbpol (27).TIF,[],['normal'],3,0.30046752
1249,1249,33_DR1-2/DR1-images-by-lesions/Normal Images/IMG0184 (3).TIF,[],['normal'],3,0.32519108
1250,1250,33_DR1-2/DR1-images-by-lesions/Normal Images/IMG0425 (3).TIF,[],['normal'],3,0.28001192
1251,1251,33_DR1-2/DR1-images-by-lesions/Normal Images/IMG0253 (6).TIF,[],['normal'],3,0.3519193
1252,1252,33_DR1-2/DR1-images-by-lesions/Normal Images/IMG0003 (33).TIF,[],['normal'],3,0.35409778
1253,1253,33_DR1-2/DR1-images-by-lesions/Normal Images/IMG0172 (11).TIF,[],['normal'],4,0.23660687
1254,1254,33_DR1-2/DR1-images-by-lesions/Normal Images/IMG0130 (8).TIF,[],['normal'],4,0.1610904
1255,1255,33_DR1-2/DR1-images-by-lesions/Normal Images/IMG0173 (4).TIF,[],['normal'],3,0.26414755
1256,1256,33_DR1-2/DR1-images-by-lesions/Normal Images/IMG0569.TIF,[],['normal'],3,0.41359362
1257,1257,33_DR1-2/DR1-images-by-lesions/Normal Images/IMG0029.TIF,[],['normal'],3,0.312265
1258,1258,33_DR1-2/DR1-images-by-lesions/Normal Images/IMG0762.TIF,[],['normal'],3,0.35627794
1259,1259,33_DR1-2/DR1-images-by-lesions/Normal Images/IMG0273 (6).TIF,[],['normal'],3,0.29490173
1260,1260,33_DR1-2/DR1-images-by-lesions/Normal Images/IMG0123 (2).TIF,[],['normal'],3,0.3433141
1261,1261,33_DR1-2/DR1-images-by-lesions/Normal Images/IMG0906 (2).TIF,[],['normal'],3,0.30286112
1262,1262,33_DR1-2/DR1-images-by-lesions/Normal Images/IMG0878.TIF,[],['normal'],4,0.21030979
1263,1263,33_DR1-2/DR1-images-by-lesions/Normal Images/IMG0399.TIF,[],['normal'],3,0.3502217
1264,1264,33_DR1-2/DR1-images-by-lesions/Normal Images/A (49).TIF,[],['normal'],3,0.37879595
1265,1265,33_DR1-2/DR1-images-by-lesions/Normal Images/IMG0241.TIF,[],['normal'],4,0.20287614
1266,1266,33_DR1-2/DR1-images-by-lesions/Normal Images/IMG0662.TIF,[],['normal'],3,0.28685865
1267,1267,33_DR1-2/DR1-images-by-lesions/Normal Images/IMG0246 (13).TIF,[],['normal'],3,0.40072307
1268,1268,33_DR1-2/DR1-images-by-lesions/Normal Images/IMG0006 (16).TIF,[],['normal'],3,0.26422757
1269,1269,33_DR1-2/DR1-images-by-lesions/Normal Images/IMG0013 (13).TIF,[],['normal'],4,0.19461815
1270,1270,33_DR1-2/DR1-images-by-lesions/Normal Images/IMG0062 (8).TIF,[],['normal'],3,0.38864902
1271,1271,33_DR1-2/DR1-images-by-lesions/Normal Images/IMG0369 (5).TIF,[],['normal'],3,0.28245312
1272,1272,33_DR1-2/DR1-images-by-lesions/Normal Images/IMG0467 (7).TIF,[],['normal'],2,0.55195266
1273,1273,33_DR1-2/DR1-images-by-lesions/Normal Images/IMG0286 (4).TIF,[],['normal'],3,0.28298643
1274,1274,33_DR1-2/DR1-images-by-lesions/Normal Images/A (153).TIF,[],['normal'],2,0.52429813
1275,1275,33_DR1-2/DR1-images-by-lesions/Normal Images/IMG0271.TIF,[],['normal'],3,0.37441176
1276,1276,33_DR1-2/DR1-images-by-lesions/Normal Images/IMG0017 (8).TIF,[],['normal'],3,0.25330853
1277,1277,33_DR1-2/DR1-images-by-lesions/Normal Images/IMG0001 (16).TIF,[],['normal'],3,0.27586043
1278,1278,33_DR1-2/DR1-images-by-lesions/Normal Images/IMG0480 (11).TIF,[],['normal'],3,0.3030344
1279,1279,33_DR1-2/DR1-images-by-lesions/Normal Images/IMG0573.TIF,[],['normal'],3,0.2655231
1280,1280,33_DR1-2/DR1-images-by-lesions/Normal Images/IMG0436 (4).TIF,[],['normal'],3,0.38537872
1281,1281,33_DR1-2/DR1-images-by-lesions/Normal Images/IMG0002 (35).TIF,[],['normal'],4,0.19771019
1282,1282,33_DR1-2/DR1-images-by-lesions/Normal Images/rr (19).TIF,[],['normal'],3,0.37288693
1283,1283,33_DR1-2/DR1-images-by-lesions/Normal Images/IMG0436 (5).TIF,[],['normal'],3,0.34435886
1284,1284,33_DR1-2/DR1-images-by-lesions/Normal Images/IMG0039 (5).TIF,[],['normal'],3,0.38040715
1285,1285,33_DR1-2/DR1-images-by-lesions/Normal Images/A (43).TIF,[],['normal'],1,0.76140416
1286,1286,33_DR1-2/DR1-images-by-lesions/Normal Images/IMG0495 (11).TIF,[],['normal'],3,0.28025678
1287,1287,33_DR1-2/DR1-images-by-lesions/Normal Images/IMG0049 (5).TIF,[],['normal'],4,0.1978776
1288,1288,33_DR1-2/DR1-images-by-lesions/Normal Images/IMG0313 (3).TIF,[],['normal'],3,0.31421173
1289,1289,33_DR1-2/DR1-images-by-lesions/Normal Images/IMG0476 (2).TIF,[],['normal'],3,0.455077
1290,1290,33_DR1-2/DR1-images-by-lesions/Normal Images/IMG0417 (5).TIF,[],['normal'],3,0.2530226
1291,1291,33_DR1-2/DR1-images-by-lesions/Normal Images/IMG0418 (4).TIF,[],['normal'],4,0.24029751
1292,1292,33_DR1-2/DR1-images-by-lesions/Normal Images/IMG0005 (3).TIF,[],['normal'],2,0.7356483
1293,1293,33_DR1-2/DR1-images-by-lesions/Normal Images/IMG0432 (7).TIF,[],['normal'],4,0.23178437
1294,1294,33_DR1-2/DR1-images-by-lesions/Normal Images/IMG0426 (10).TIF,[],['normal'],2,0.5341596
1295,1295,33_DR1-2/DR1-images-by-lesions/Normal Images/IMG0222 (10).TIF,[],['normal'],3,0.38348657
1296,1296,33_DR1-2/DR1-images-by-lesions/Normal Images/IMG0192 (4).TIF,[],['normal'],3,0.37263623
1297,1297,33_DR1-2/DR1-images-by-lesions/Normal Images/IMG0046 (4).TIF,[],['normal'],3,0.2609895
1298,1298,33_DR1-2/DR1-images-by-lesions/Normal Images/IMG0136 (5).TIF,[],['normal'],3,0.2978659
1299,1299,33_DR1-2/DR1-images-by-lesions/Normal Images/IMG0346 (10).TIF,[],['normal'],3,0.37487125
1300,1300,33_DR1-2/DR1-images-by-lesions/Normal Images/IMG0228 (8).TIF,[],['normal'],3,0.28987673
1301,1301,33_DR1-2/DR1-images-by-lesions/Normal Images/IMG0180 (8).TIF,[],['normal'],3,0.30958706
1302,1302,33_DR1-2/DR1-images-by-lesions/Normal Images/IMG0479 (10).TIF,[],['normal'],3,0.39935076
1303,1303,33_DR1-2/DR1-images-by-lesions/Normal Images/IMG0006 (25).TIF,[],['normal'],4,0.19465964
1304,1304,33_DR1-2/DR1-images-by-lesions/Normal Images/IMG0057 (11).TIF,[],['normal'],3,0.27115208
1305,1305,33_DR1-2/DR1-images-by-lesions/Normal Images/IMG0002 (11).TIF,[],['normal'],2,0.53865516
1306,1306,33_DR1-2/DR1-images-by-lesions/Normal Images/IMG0240 (7).TIF,[],['normal'],3,0.26222616
1307,1307,33_DR1-2/DR1-images-by-lesions/Normal Images/IMG0435 (4).TIF,[],['normal'],3,0.3372945
1308,1308,33_DR1-2/DR1-images-by-lesions/Normal Images/IMG0455 (3).TIF,[],['normal'],2,0.5801975
1309,1309,33_DR1-2/DR1-images-by-lesions/Normal Images/IMG0466 (6).TIF,[],['normal'],4,0.23786034
1310,1310,33_DR1-2/DR1-images-by-lesions/Normal Images/IMG0411 (2).TIF,[],['normal'],3,0.37110776
1311,1311,33_DR1-2/DR1-images-by-lesions/Normal Images/IMG0854 (2).TIF,[],['normal'],4,0.24575752
1312,1312,33_DR1-2/DR1-images-by-lesions/Normal Images/IMG0406 (11).TIF,[],['normal'],3,0.2974948
1313,1313,33_DR1-2/DR1-images-by-lesions/Normal Images/IMG0957.TIF,[],['normal'],3,0.28504878
1314,1314,33_DR1-2/DR1-images-by-lesions/Normal Images/IMG0430 (3).TIF,[],['normal'],3,0.34676918
1315,1315,33_DR1-2/DR1-images-by-lesions/Normal Images/B (19).TIF,[],['normal'],3,0.3347915
1316,1316,33_DR1-2/DR1-images-by-lesions/Normal Images/IMG0172 (2).TIF,[],['normal'],3,0.3060746
1317,1317,33_DR1-2/DR1-images-by-lesions/Normal Images/IMG0247 (7).TIF,[],['normal'],3,0.27881357
1318,1318,33_DR1-2/DR1-images-by-lesions/Normal Images/IMG0425 (6).TIF,[],['normal'],3,0.36761135
1319,1319,33_DR1-2/DR1-images-by-lesions/Normal Images/IMG0442 (8).TIF,[],['normal'],2,0.5756187
1320,1320,33_DR1-2/DR1-images-by-lesions/Normal Images/IMG0845.TIF,[],['normal'],3,0.30015606
1321,1321,33_DR1-2/DR1-images-by-lesions/Normal Images/IMG0404 (10).TIF,[],['normal'],4,0.22036318
1322,1322,33_DR1-2/DR1-images-by-lesions/Normal Images/IMG0539 (5).TIF,[],['normal'],3,0.4724917
1323,1323,33_DR1-2/DR1-images-by-lesions/Normal Images/IMG0853 (2).TIF,[],['normal'],3,0.34874612
1324,1324,33_DR1-2/DR1-images-by-lesions/Normal Images/IMG0335 (2).TIF,[],['normal'],3,0.3128711
1325,1325,33_DR1-2/DR1-images-by-lesions/Normal Images/IMG0431.TIF,[],['normal'],4,0.23402528
1326,1326,33_DR1-2/DR1-images-by-lesions/Normal Images/IMG0424 (4).TIF,[],['normal'],3,0.29783282
1327,1327,33_DR1-2/DR1-images-by-lesions/Normal Images/IMG0219 (12).TIF,[],['normal'],3,0.26069742
1328,1328,33_DR1-2/DR1-images-by-lesions/Normal Images/IMG0444 (10).TIF,[],['normal'],1,0.8064965
1329,1329,33_DR1-2/DR1-images-by-lesions/Normal Images/IMG0285 (9).TIF,[],['normal'],4,0.18962277
1330,1330,33_DR1-2/DR1-images-by-lesions/Normal Images/IMG0246 (8).TIF,[],['normal'],3,0.38575774
1331,1331,33_DR1-2/DR1-images-by-lesions/Normal Images/IMG0010 (16).TIF,[],['normal'],3,0.25220942
1332,1332,33_DR1-2/DR1-images-by-lesions/Normal Images/IMG0045 (6).TIF,[],['normal'],3,0.3182388
1333,1333,33_DR1-2/DR2-images-by-lesions/Normal Images/IM000592.JPG,[],['normal'],3,0.33086234
1334,1334,33_DR1-2/DR2-images-by-lesions/Normal Images/IM000780.JPG,[],['normal'],3,0.39959118
1335,1335,33_DR1-2/DR2-images-by-lesions/Normal Images/IM000900.JPG,[],['normal'],2,0.5433408
1336,1336,33_DR1-2/DR2-images-by-lesions/Normal Images/IM001281.JPG,[],['normal'],3,0.39625096
1337,1337,33_DR1-2/DR2-images-by-lesions/Normal Images/IM000360.JPG,[],['normal'],3,0.46213084
1338,1338,33_DR1-2/DR2-images-by-lesions/Normal Images/IM000310.JPG,[],['normal'],3,0.39741817
1339,1339,33_DR1-2/DR2-images-by-lesions/Normal Images/IM001111.JPG,[],['normal'],3,0.32685423
1340,1340,33_DR1-2/DR2-images-by-lesions/Normal Images/IM000564.JPG,[],['normal'],4,0.20655899
1341,1341,33_DR1-2/DR2-images-by-lesions/Normal Images/IM000438.JPG,[],['normal'],3,0.4795494
1342,1342,33_DR1-2/DR2-images-by-lesions/Normal Images/IM000676.JPG,[],['normal'],3,0.41763818
1343,1343,33_DR1-2/DR2-images-by-lesions/Normal Images/IM001155.JPG,[],['normal'],3,0.3209919
1344,1344,33_DR1-2/DR2-images-by-lesions/Normal Images/IM000575.JPG,[],['normal'],3,0.3950531
1345,1345,33_DR1-2/DR2-images-by-lesions/Normal Images/IM000646.JPG,[],['normal'],3,0.3921367
1346,1346,33_DR1-2/DR2-images-by-lesions/Normal Images/IM000925.JPG,[],['normal'],3,0.27200362
1347,1347,33_DR1-2/DR2-images-by-lesions/Normal Images/IM001232.JPG,[],['normal'],3,0.41524094
1348,1348,33_DR1-2/DR2-images-by-lesions/Normal Images/IM000443.JPG,[],['normal'],3,0.43950027
1349,1349,33_DR1-2/DR2-images-by-lesions/Normal Images/IM000553.JPG,[],['normal'],3,0.3142206
1350,1350,33_DR1-2/DR2-images-by-lesions/Normal Images/IM000272.JPG,[],['normal'],3,0.3173201
1351,1351,33_DR1-2/DR2-images-by-lesions/Normal Images/IM000148.JPG,[],['normal'],3,0.26593155
1352,1352,33_DR1-2/DR2-images-by-lesions/Normal Images/IM000736.JPG,[],['normal'],3,0.26166236
1353,1353,33_DR1-2/DR2-images-by-lesions/Normal Images/IM000629.JPG,[],['normal'],3,0.25122252
1354,1354,33_DR1-2/DR2-images-by-lesions/Normal Images/IM000732.JPG,[],['normal'],3,0.2650651
1355,1355,33_DR1-2/DR2-images-by-lesions/Normal Images/IM000343.JPG,[],['normal'],3,0.46995834
1356,1356,33_DR1-2/DR2-images-by-lesions/Normal Images/IM000473.JPG,[],['normal'],3,0.4322591
1357,1357,33_DR1-2/DR2-images-by-lesions/Normal Images/IM000740.JPG,[],['normal'],3,0.31807855
1358,1358,33_DR1-2/DR2-images-by-lesions/Normal Images/IM001023.JPG,[],['normal'],3,0.31380093
1359,1359,33_DR1-2/DR2-images-by-lesions/Normal Images/IM001102.JPG,[],['normal'],3,0.3193622
1360,1360,33_DR1-2/DR2-images-by-lesions/Normal Images/IM001264.JPG,[],['normal'],3,0.41884676
1361,1361,33_DR1-2/DR2-images-by-lesions/Normal Images/IM000403.JPG,[],['normal'],3,0.3205505
1362,1362,33_DR1-2/DR2-images-by-lesions/Normal Images/IM000752.JPG,[],['normal'],3,0.2809386
1363,1363,33_DR1-2/DR2-images-by-lesions/Normal Images/IM000471.JPG,[],['normal'],3,0.44795114
1364,1364,33_DR1-2/DR2-images-by-lesions/Normal Images/IM000545.JPG,[],['normal'],4,0.22776549
1365,1365,33_DR1-2/DR2-images-by-lesions/Normal Images/IM001086.JPG,[],['normal'],3,0.31364393
1366,1366,33_DR1-2/DR2-images-by-lesions/Normal Images/IM000186.JPG,[],['normal'],3,0.36477643
1367,1367,33_DR1-2/DR2-images-by-lesions/Normal Images/IM000556.JPG,[],['normal'],3,0.47306097
1368,1368,33_DR1-2/DR2-images-by-lesions/Normal Images/IM000292.JPG,[],['normal'],2,0.7165467
1369,1369,33_DR1-2/DR2-images-by-lesions/Normal Images/IM000744.JPG,[],['normal'],4,0.24425156
1370,1370,33_DR1-2/DR2-images-by-lesions/Normal Images/IM001025.JPG,[],['normal'],3,0.34236127
1371,1371,33_DR1-2/DR2-images-by-lesions/Normal Images/IM000775.JPG,[],['normal'],3,0.28691232
1372,1372,33_DR1-2/DR2-images-by-lesions/Normal Images/IM000582.JPG,[],['normal'],3,0.26084578
1373,1373,33_DR1-2/DR2-images-by-lesions/Normal Images/IM000734.JPG,[],['normal'],3,0.30652902
1374,1374,33_DR1-2/DR2-images-by-lesions/Normal Images/IM001266.JPG,[],['normal'],3,0.36969334
1375,1375,33_DR1-2/DR2-images-by-lesions/Normal Images/IM001165.JPG,[],['normal'],4,0.20461668
1376,1376,33_DR1-2/DR2-images-by-lesions/Normal Images/IM001044.JPG,[],['normal'],2,0.6471396
1377,1377,33_DR1-2/DR2-images-by-lesions/Normal Images/IM000435.JPG,[],['normal'],3,0.35005495
1378,1378,33_DR1-2/DR2-images-by-lesions/Normal Images/IM000346.JPG,[],['normal'],3,0.3794173
1379,1379,33_DR1-2/DR2-images-by-lesions/Normal Images/IM001088.JPG,[],['normal'],3,0.2723255
1380,1380,33_DR1-2/DR2-images-by-lesions/Normal Images/IM000577.JPG,[],['normal'],3,0.2757755
1381,1381,33_DR1-2/DR2-images-by-lesions/Normal Images/IM000749.JPG,[],['normal'],3,0.36520034
1382,1382,33_DR1-2/DR2-images-by-lesions/Normal Images/IM000561.JPG,[],['normal'],3,0.34828976
1383,1383,33_DR1-2/DR2-images-by-lesions/Normal Images/IM000970.JPG,[],['normal'],3,0.2545336
1384,1384,33_DR1-2/DR2-images-by-lesions/Normal Images/IM000381.JPG,[],['normal'],3,0.3480396
1385,1385,33_DR1-2/DR2-images-by-lesions/Normal Images/IM000576.JPG,[],['normal'],4,0.23066966
1386,1386,33_DR1-2/DR2-images-by-lesions/Normal Images/IM000709.JPG,[],['normal'],3,0.31527793
1387,1387,33_DR1-2/DR2-images-by-lesions/Normal Images/IM000985.JPG,[],['normal'],3,0.41698554
1388,1388,33_DR1-2/DR2-images-by-lesions/Normal Images/IM000302.JPG,[],['normal'],3,0.3373645
1389,1389,33_DR1-2/DR2-images-by-lesions/Normal Images/IM000513.JPG,[],['normal'],3,0.32286906
1390,1390,33_DR1-2/DR2-images-by-lesions/Normal Images/IM000969.JPG,[],['normal'],3,0.45318693
1391,1391,33_DR1-2/DR2-images-by-lesions/Normal Images/IM000565.JPG,[],['normal'],3,0.2950768
1392,1392,33_DR1-2/DR2-images-by-lesions/Normal Images/IM000761.JPG,[],['normal'],4,0.23943
1393,1393,33_DR1-2/DR2-images-by-lesions/Normal Images/IM000765.JPG,[],['normal'],2,0.54154205
1394,1394,33_DR1-2/DR2-images-by-lesions/Normal Images/IM001090.JPG,[],['normal'],4,0.16314314
1395,1395,33_DR1-2/DR2-images-by-lesions/Normal Images/IM001065.JPG,[],['normal'],4,0.22037505
1396,1396,33_DR1-2/DR2-images-by-lesions/Normal Images/IM000784.JPG,[],['normal'],3,0.36301753
1397,1397,33_DR1-2/DR2-images-by-lesions/Normal Images/IM000799.JPG,[],['normal'],3,0.2970081
1398,1398,33_DR1-2/DR2-images-by-lesions/Normal Images/IM000226.JPG,[],['normal'],3,0.32524508
1399,1399,33_DR1-2/DR2-images-by-lesions/Normal Images/IM001186.JPG,[],['normal'],3,0.45128673
1400,1400,33_DR1-2/DR2-images-by-lesions/Normal Images/IM000573.JPG,[],['normal'],3,0.2523526
1401,1401,33_DR1-2/DR2-images-by-lesions/Normal Images/IM000590.JPG,[],['normal'],3,0.36571375
1402,1402,33_DR1-2/DR2-images-by-lesions/Normal Images/IM000971.JPG,[],['normal'],4,0.22807024
1403,1403,33_DR1-2/DR2-images-by-lesions/Normal Images/IM000511.JPG,[],['normal'],3,0.3979758
1404,1404,33_DR1-2/DR2-images-by-lesions/Normal Images/IM001077.JPG,[],['normal'],3,0.33311808
1405,1405,33_DR1-2/DR2-images-by-lesions/Normal Images/IM000728.JPG,[],['normal'],3,0.32922307
1406,1406,33_DR1-2/DR2-images-by-lesions/Normal Images/IM000795.JPG,[],['normal'],3,0.39314067
1407,1407,33_DR1-2/DR2-images-by-lesions/Normal Images/IM001043.JPG,[],['normal'],3,0.25397298
1408,1408,33_DR1-2/DR2-images-by-lesions/Normal Images/IM001087.JPG,[],['normal'],3,0.34765038
1409,1409,33_DR1-2/DR2-images-by-lesions/Normal Images/IM000923.JPG,[],['normal'],3,0.3836279
1410,1410,33_DR1-2/DR2-images-by-lesions/Normal Images/IM000300.JPG,[],['normal'],3,0.37469965
1411,1411,33_DR1-2/DR2-images-by-lesions/Normal Images/IM000504.JPG,[],['normal'],3,0.36513197
1412,1412,33_DR1-2/DR2-images-by-lesions/Normal Images/IM000612.JPG,[],['normal'],2,0.5436967
1413,1413,33_DR1-2/DR2-images-by-lesions/Normal Images/IM000746.JPG,[],['normal'],3,0.27805635
1414,1414,33_DR1-2/DR2-images-by-lesions/Normal Images/IM000195.JPG,[],['normal'],3,0.31981692
1415,1415,33_DR1-2/DR2-images-by-lesions/Normal Images/IM000715.JPG,[],['normal'],3,0.40284947
1416,1416,33_DR1-2/DR2-images-by-lesions/Normal Images/IM000748.JPG,[],['normal'],2,0.66891396
1417,1417,33_DR1-2/DR2-images-by-lesions/Normal Images/IM000444.JPG,[],['normal'],3,0.36086562
1418,1418,33_DR1-2/DR2-images-by-lesions/Normal Images/IM000701.JPG,[],['normal'],3,0.3068575
1419,1419,33_DR1-2/DR2-images-by-lesions/Normal Images/IM000904.JPG,[],['normal'],4,0.23439457
1420,1420,33_DR1-2/DR2-images-by-lesions/Normal Images/IM000188.JPG,[],['normal'],3,0.34752387
1421,1421,33_DR1-2/DR2-images-by-lesions/Normal Images/IM000713.JPG,[],['normal'],3,0.3598355
1422,1422,33_DR1-2/DR2-images-by-lesions/Normal Images/IM001070.JPG,[],['normal'],3,0.3146758
1423,1423,33_DR1-2/DR2-images-by-lesions/Normal Images/IM000615.JPG,[],['normal'],3,0.30212915
1424,1424,33_DR1-2/DR2-images-by-lesions/Normal Images/IM000869.JPG,[],['normal'],3,0.33382183
1425,1425,33_DR1-2/DR2-images-by-lesions/Normal Images/IM000117.JPG,[],['normal'],3,0.3079581
1426,1426,33_DR1-2/DR2-images-by-lesions/Normal Images/IM000602.JPG,[],['normal'],4,0.21212527
1427,1427,33_DR1-2/DR2-images-by-lesions/Normal Images/IM000798.JPG,[],['normal'],3,0.29380506
1428,1428,33_DR1-2/DR2-images-by-lesions/Normal Images/IM000244.JPG,[],['normal'],3,0.28293017
1429,1429,33_DR1-2/DR2-images-by-lesions/Normal Images/IM000348.JPG,[],['normal'],3,0.47645319
1430,1430,33_DR1-2/DR2-images-by-lesions/Normal Images/IM000548.JPG,[],['normal'],3,0.38584852
1431,1431,33_DR1-2/DR2-images-by-lesions/Normal Images/IM000745.JPG,[],['normal'],3,0.43607217
1432,1432,33_DR1-2/DR2-images-by-lesions/Normal Images/IM000347.JPG,[],['normal'],3,0.49676156
1433,1433,33_DR1-2/DR2-images-by-lesions/Normal Images/IM000710.JPG,[],['normal'],3,0.33584294
1434,1434,33_DR1-2/DR2-images-by-lesions/Normal Images/IM000711.JPG,[],['normal'],3,0.35861674
1435,1435,33_DR1-2/DR2-images-by-lesions/Normal Images/IM000767.JPG,[],['normal'],3,0.26973873
1436,1436,33_DR1-2/DR2-images-by-lesions/Normal Images/IM000247.JPG,[],['normal'],3,0.46104988
1437,1437,33_DR1-2/DR2-images-by-lesions/Normal Images/IM000515.JPG,[],['normal'],3,0.40693015
1438,1438,33_DR1-2/DR2-images-by-lesions/Normal Images/IM000796.JPG,[],['normal'],3,0.3152698
1439,1439,33_DR1-2/DR2-images-by-lesions/Normal Images/IM001085.JPG,[],['normal'],3,0.43915766
1440,1440,33_DR1-2/DR2-images-by-lesions/Normal Images/IM000366.JPG,[],['normal'],3,0.39656878
1441,1441,33_DR1-2/DR2-images-by-lesions/Normal Images/IM000425.JPG,[],['normal'],3,0.29056588
1442,1442,33_DR1-2/DR2-images-by-lesions/Normal Images/IM000363.JPG,[],['normal'],3,0.25974292
1443,1443,33_DR1-2/DR2-images-by-lesions/Normal Images/IM000739.JPG,[],['normal'],3,0.3887363
1444,1444,33_DR1-2/DR2-images-by-lesions/Normal Images/IM001071.JPG,[],['normal'],3,0.25733304
1445,1445,33_DR1-2/DR2-images-by-lesions/Normal Images/IM001256.JPG,[],['normal'],3,0.31491116
1446,1446,33_DR1-2/DR2-images-by-lesions/Normal Images/IM000650.JPG,[],['normal'],3,0.32146186
1447,1447,33_DR1-2/DR2-images-by-lesions/Normal Images/IM000870.JPG,[],['normal'],3,0.42557606
1448,1448,33_DR1-2/DR2-images-by-lesions/Normal Images/IM001001.JPG,[],['normal'],3,0.33617762
1449,1449,33_DR1-2/DR2-images-by-lesions/Normal Images/IM000897.JPG,[],['normal'],3,0.38501093
1450,1450,33_DR1-2/DR2-images-by-lesions/Normal Images/IM000735.JPG,[],['normal'],3,0.36298743
1451,1451,33_DR1-2/DR2-images-by-lesions/Normal Images/IM000774.JPG,[],['normal'],3,0.49506852
1452,1452,33_DR1-2/DR2-images-by-lesions/Normal Images/IM001156.JPG,[],['normal'],3,0.35817757
1453,1453,33_DR1-2/DR2-images-by-lesions/Normal Images/IM001009.JPG,[],['normal'],3,0.3437352
1454,1454,33_DR1-2/DR2-images-by-lesions/Normal Images/IM000547.JPG,[],['normal'],2,0.556013
1455,1455,33_DR1-2/DR2-images-by-lesions/Normal Images/IM000271.JPG,[],['normal'],3,0.26204526
1456,1456,33_DR1-2/DR2-images-by-lesions/Normal Images/IM000243.JPG,[],['normal'],3,0.30650616
1457,1457,33_DR1-2/DR2-images-by-lesions/Normal Images/IM000656.JPG,[],['normal'],3,0.4798593
1458,1458,33_DR1-2/DR2-images-by-lesions/Normal Images/IM001118.JPG,[],['normal'],3,0.3461534
1459,1459,33_DR1-2/DR2-images-by-lesions/Normal Images/IM000944.JPG,[],['normal'],1,0.83444786
1460,1460,33_DR1-2/DR2-images-by-lesions/Normal Images/IM001130.JPG,[],['normal'],3,0.33881983
1461,1461,33_DR1-2/DR2-images-by-lesions/Normal Images/IM000658.JPG,[],['normal'],3,0.37711507
1462,1462,33_DR1-2/DR2-images-by-lesions/Normal Images/IM000616.JPG,[],['normal'],3,0.4754906
1463,1463,33_DR1-2/DR2-images-by-lesions/Normal Images/IM001163.JPG,[],['normal'],4,0.2450064
1464,1464,33_DR1-2/DR2-images-by-lesions/Normal Images/IM001258.JPG,[],['normal'],3,0.3516521
1465,1465,33_DR1-2/DR2-images-by-lesions/Normal Images/IM001131.JPG,[],['normal'],3,0.2672431
1466,1466,33_DR1-2/DR2-images-by-lesions/Normal Images/IM000797.JPG,[],['normal'],4,0.23161787
1467,1467,33_DR1-2/DR2-images-by-lesions/Normal Images/IM000352.JPG,[],['normal'],3,0.3593951
1468,1468,33_DR1-2/DR2-images-by-lesions/Normal Images/IM000384.JPG,[],['normal'],3,0.4539344
1469,1469,33_DR1-2/DR2-images-by-lesions/Normal Images/IM000557.JPG,[],['normal'],3,0.36458474
1470,1470,33_DR1-2/DR2-images-by-lesions/Normal Images/IM001262.JPG,[],['normal'],3,0.3290091
1471,1471,33_DR1-2/DR2-images-by-lesions/Normal Images/IM000771.JPG,[],['normal'],3,0.361595
1472,1472,33_DR1-2/DR2-images-by-lesions/Normal Images/IM000750.JPG,[],['normal'],3,0.30027735
1473,1473,33_DR1-2/DR2-images-by-lesions/Normal Images/IM000428.JPG,[],['normal'],3,0.33414415
1474,1474,33_DR1-2/DR2-images-by-lesions/Normal Images/IM000755.JPG,[],['normal'],3,0.31128162
1475,1475,33_DR1-2/DR2-images-by-lesions/Normal Images/IM000221.JPG,[],['normal'],3,0.35985008
1476,1476,33_DR1-2/DR2-images-by-lesions/Normal Images/IM000760.JPG,[],['normal'],3,0.43889
1477,1477,33_DR1-2/DR2-images-by-lesions/Normal Images/IM000245.JPG,[],['normal'],3,0.33744532
1478,1478,33_DR1-2/DR2-images-by-lesions/Normal Images/IM000974.JPG,[],['normal'],3,0.29915637
1479,1479,33_DR1-2/DR2-images-by-lesions/Normal Images/IM001040.JPG,[],['normal'],3,0.31323388
1480,1480,33_DR1-2/DR2-images-by-lesions/Normal Images/IM000708.JPG,[],['normal'],4,0.2306247
1481,1481,33_DR1-2/DR2-images-by-lesions/Normal Images/IM000342.JPG,[],['normal'],3,0.3927944
1482,1482,33_DR1-2/DR2-images-by-lesions/Normal Images/IM000386.JPG,[],['normal'],3,0.32353333
1483,1483,33_DR1-2/DR2-images-by-lesions/Normal Images/IM000394.JPG,[],['normal'],3,0.3658474
1484,1484,33_DR1-2/DR2-images-by-lesions/Normal Images/IM000349.JPG,[],['normal'],3,0.41146767
1485,1485,33_DR1-2/DR2-images-by-lesions/Normal Images/IM000998.JPG,[],['normal'],3,0.32239485
1486,1486,33_DR1-2/DR2-images-by-lesions/Normal Images/IM000552.JPG,[],['normal'],1,0.8435462
1487,1487,33_DR1-2/DR2-images-by-lesions/Normal Images/IM001092.JPG,[],['normal'],3,0.41412452
1488,1488,33_DR1-2/DR2-images-by-lesions/Normal Images/IM000383.JPG,[],['normal'],2,0.5589836
1489,1489,33_DR1-2/DR2-images-by-lesions/Normal Images/IM000766.JPG,[],['normal'],4,0.23490767
1490,1490,33_DR1-2/DR2-images-by-lesions/Normal Images/IM000762.JPG,[],['normal'],3,0.37402773
1491,1491,33_DR1-2/DR2-images-by-lesions/Normal Images/IM000364.JPG,[],['normal'],3,0.3716616
1492,1492,33_DR1-2/DR2-images-by-lesions/Normal Images/IM000768.JPG,[],['normal'],3,0.3166791
1493,1493,33_DR1-2/DR2-images-by-lesions/Normal Images/IM000670.JPG,[],['normal'],3,0.3297922
1494,1494,33_DR1-2/DR2-images-by-lesions/Normal Images/IM000717.JPG,[],['normal'],3,0.3150848
1495,1495,33_DR1-2/DR2-images-by-lesions/Normal Images/IM000116.JPG,[],['normal'],3,0.30109954
1496,1496,33_DR1-2/DR2-images-by-lesions/Normal Images/IM000868.JPG,[],['normal'],2,0.53870744
1497,1497,33_DR1-2/DR2-images-by-lesions/Normal Images/IM000898.JPG,[],['normal'],3,0.33504948
1498,1498,33_DR1-2/DR2-images-by-lesions/Normal Images/IM000261.JPG,[],['normal'],3,0.3053621
1499,1499,33_DR1-2/DR2-images-by-lesions/Normal Images/IM000365.JPG,[],['normal'],2,0.5080874
1500,1500,33_DR1-2/DR2-images-by-lesions/Normal Images/IM001022.JPG,[],['normal'],3,0.27126452
1501,1501,33_DR1-2/DR2-images-by-lesions/Normal Images/IM000733.JPG,[],['normal'],3,0.31164417
1502,1502,33_DR1-2/DR2-images-by-lesions/Normal Images/IM000295.JPG,[],['normal'],4,0.24597608
1503,1503,33_DR1-2/DR2-images-by-lesions/Normal Images/IM000563.JPG,[],['normal'],3,0.41192585
1504,1504,33_DR1-2/DR2-images-by-lesions/Normal Images/IM000581.JPG,[],['normal'],3,0.42790687
1505,1505,33_DR1-2/DR2-images-by-lesions/Normal Images/IM001083.JPG,[],['normal'],4,0.248934
1506,1506,33_DR1-2/DR2-images-by-lesions/Normal Images/IM000700.JPG,[],['normal'],2,0.50781256
1507,1507,33_DR1-2/DR2-images-by-lesions/Normal Images/IM000659.JPG,[],['normal'],3,0.36028913
1508,1508,33_DR1-2/DR2-images-by-lesions/Normal Images/IM001069.JPG,[],['normal'],3,0.3135307
1509,1509,33_DR1-2/DR2-images-by-lesions/Normal Images/IM000583.JPG,[],['normal'],3,0.39063445
1510,1510,33_DR1-2/DR2-images-by-lesions/Normal Images/IM000712.JPG,[],['normal'],3,0.28081402
1511,1511,33_DR1-2/DR2-images-by-lesions/Normal Images/IM000648.JPG,[],['normal'],3,0.3492171
1512,1512,33_DR1-2/DR2-images-by-lesions/Normal Images/IM000714.JPG,[],['normal'],3,0.33210477
1513,1513,33_DR1-2/DR2-images-by-lesions/Normal Images/IM000743.JPG,[],['normal'],2,0.73451924
1514,1514,33_DR1-2/DR2-images-by-lesions/Normal Images/IM000674.JPG,[],['normal'],3,0.3854774
1515,1515,33_DR1-2/DR2-images-by-lesions/Normal Images/IM000584.JPG,[],['normal'],3,0.30277458
1516,1516,33_DR1-2/DR2-images-by-lesions/Normal Images/IM000946.JPG,[],['normal'],3,0.45984405
1517,1517,33_DR1-2/DR2-images-by-lesions/Normal Images/IM000666.JPG,[],['normal'],3,0.27277413
1518,1518,33_DR1-2/DR2-images-by-lesions/Normal Images/IM000329.JPG,[],['normal'],3,0.44855356
1519,1519,33_DR1-2/DR2-images-by-lesions/Normal Images/IM000660.JPG,[],['normal'],3,0.3921544
1520,1520,33_DR1-2/DR2-images-by-lesions/Normal Images/IM001098.JPG,[],['normal'],2,0.54991895
1521,1521,33_DR1-2/DR2-images-by-lesions/Normal Images/IM000844.JPG,[],['normal'],3,0.36117575
1522,1522,33_DR1-2/DR2-images-by-lesions/Normal Images/IM001057.JPG,[],['normal'],2,0.72015697
1523,1523,33_DR1-2/DR2-images-by-lesions/Normal Images/IM000716.JPG,[],['normal'],4,0.24413109
1524,1524,33_DR1-2/DR2-images-by-lesions/Normal Images/IM000633.JPG,[],['normal'],3,0.2862839
1525,1525,33_DR1-2/DR2-images-by-lesions/Normal Images/IM000753.JPG,[],['normal'],3,0.34872347
1526,1526,33_DR1-2/DR2-images-by-lesions/Normal Images/IM001138.JPG,[],['normal'],3,0.34118873
1527,1527,33_DR1-2/DR2-images-by-lesions/Normal Images/IM000902.JPG,[],['normal'],2,0.6519382
1528,1528,33_DR1-2/DR2-images-by-lesions/Normal Images/IM000899.JPG,[],['normal'],2,0.5584905
1529,1529,33_DR1-2/DR2-images-by-lesions/Normal Images/IM000516.JPG,[],['normal'],3,0.3307966
1530,1530,33_DR1-2/DR2-images-by-lesions/Normal Images/IM000698.JPG,[],['normal'],3,0.26817927
1531,1531,33_DR1-2/DR2-images-by-lesions/Normal Images/IM001135.JPG,[],['normal'],3,0.2701755
1532,1532,33_DR1-2/DR2-images-by-lesions/Normal Images/IM000854.JPG,[],['normal'],3,0.27717602
1533,1533,33_DR1-2/DR2-images-by-lesions/Normal Images/IM001191.JPG,[],['normal'],3,0.32111713
1534,1534,33_DR1-2/DR2-images-by-lesions/Normal Images/IM000802.JPG,[],['normal'],3,0.32641608
1535,1535,33_DR1-2/DR2-images-by-lesions/Normal Images/IM000357.JPG,[],['normal'],3,0.29075378
1536,1536,33_DR1-2/DR2-images-by-lesions/Normal Images/IM001257.JPG,[],['normal'],3,0.44639134
1537,1537,33_DR1-2/DR2-images-by-lesions/Normal Images/IM000291.JPG,[],['normal'],3,0.42205557
1538,1538,33_DR1-2/DR2-images-by-lesions/Normal Images/IM001017.JPG,[],['normal'],3,0.35354218
1539,1539,33_DR1-2/DR2-images-by-lesions/Normal Images/IM000371.JPG,[],['normal'],3,0.41605616
1540,1540,33_DR1-2/DR2-images-by-lesions/Normal Images/IM001019.JPG,[],['normal'],4,0.21030945
1541,1541,33_DR1-2/DR2-images-by-lesions/Normal Images/IM000778.JPG,[],['normal'],3,0.387299
1542,1542,33_DR1-2/DR2-images-by-lesions/Normal Images/IM001041.JPG,[],['normal'],3,0.26366913
1543,1543,33_DR1-2/DR2-images-by-lesions/Normal Images/IM000801.JPG,[],['normal'],3,0.33810115
1544,1544,33_DR1-2/DR2-images-by-lesions/Normal Images/IM000351.JPG,[],['normal'],3,0.29428893
1545,1545,33_DR1-2/DR2-images-by-lesions/Normal Images/IM001192.JPG,[],['normal'],4,0.19161241
1546,1546,33_DR1-2/DR2-images-by-lesions/Normal Images/IM000975.JPG,[],['normal'],3,0.35150114
1547,1547,33_DR1-2/DR2-images-by-lesions/Normal Images/IM000828.JPG,[],['normal'],4,0.19998853
1548,1548,33_DR1-2/DR2-images-by-lesions/Normal Images/IM000769.JPG,[],['normal'],3,0.31932348
1549,1549,33_DR1-2/DR2-images-by-lesions/Normal Images/IM000546.JPG,[],['normal'],2,0.5181884
1550,1550,33_DR1-2/DR2-images-by-lesions/Normal Images/IM000630.JPG,[],['normal'],2,0.55443066
1551,1551,33_DR1-2/DR2-images-by-lesions/Normal Images/IM000649.JPG,[],['normal'],3,0.33930925
1552,1552,33_DR1-2/DR2-images-by-lesions/Normal Images/IM000632.JPG,[],['normal'],3,0.2989184
1553,1553,33_DR1-2/DR2-images-by-lesions/Normal Images/IM001166.JPG,[],['normal'],3,0.33927986
1554,1554,33_DR1-2/DR2-images-by-lesions/Normal Images/IM000591.JPG,[],['normal'],3,0.28396398
1555,1555,33_DR1-2/DR2-images-by-lesions/Normal Images/IM000389.JPG,[],['normal'],3,0.43372762
1556,1556,33_DR1-2/DR2-images-by-lesions/Normal Images/IM000158.JPG,[],['normal'],3,0.30268544
1557,1557,33_DR1-2/DR2-images-by-lesions/Normal Images/IM000758.JPG,[],['normal'],3,0.3740667
1558,1558,33_DR1-2/DR2-images-by-lesions/Normal Images/IM000997.JPG,[],['normal'],3,0.3116275
1559,1559,33_DR1-2/DR2-images-by-lesions/Normal Images/IM000301.JPG,[],['normal'],4,0.24769016
1560,1560,33_DR1-2/DR2-images-by-lesions/Normal Images/IM000382.JPG,[],['normal'],4,0.20907621
1561,1561,33_DR1-2/DR2-images-by-lesions/Normal Images/IM000972.JPG,[],['normal'],3,0.45244995
1562,1562,33_DR1-2/DR2-images-by-lesions/Normal Images/IM000731.JPG,[],['normal'],3,0.26270816
1563,1563,33_DR1-2/DR2-images-by-lesions/Normal Images/IM000668.JPG,[],['normal'],4,0.24054073
1564,1564,33_DR1-2/DR2-images-by-lesions/Normal Images/IM000367.JPG,[],['normal'],3,0.4818879
1565,1565,33_DR1-2/DR2-images-by-lesions/Normal Images/IM000169.JPG,[],['normal'],1,0.7990786
1566,1566,33_DR1-2/DR2-images-by-lesions/Normal Images/IM000396.JPG,[],['normal'],3,0.3495313
1567,1567,33_DR1-2/DR2-images-by-lesions/Normal Images/IM000505.JPG,[],['normal'],3,0.32643405
1568,1568,33_DR1-2/DR2-images-by-lesions/Normal Images/IM000751.JPG,[],['normal'],3,0.41705036
1569,1569,33_DR1-2/DR2-images-by-lesions/Normal Images/IM000562.JPG,[],['normal'],3,0.25079253
1570,1570,33_DR1-2/DR2-images-by-lesions/Normal Images/IM000387.JPG,[],['normal'],3,0.35054094
1571,1571,33_DR1-2/DR2-images-by-lesions/Normal Images/IM000437.JPG,[],['normal'],2,0.52295846
1572,1572,33_DR1-2/DR2-images-by-lesions/Normal Images/IM000390.JPG,[],['normal'],3,0.3935699
1573,1573,33_DR1-2/DR2-images-by-lesions/Normal Images/IM000741.JPG,[],['normal'],3,0.32024828
1574,1574,33_DR1-2/DR2-images-by-lesions/Normal Images/IM000514.JPG,[],['normal'],3,0.3525051
1575,1575,33_DR1-2/DR2-images-by-lesions/Normal Images/IM000369.JPG,[],['normal'],3,0.40878817
1576,1576,33_DR1-2/DR2-images-by-lesions/Normal Images/IM000263.JPG,[],['normal'],3,0.29321525
1577,1577,33_DR1-2/DR2-images-by-lesions/Normal Images/IM000976.JPG,[],['normal'],3,0.2662332
1578,1578,33_DR1-2/DR2-images-by-lesions/Normal Images/IM001117.JPG,[],['normal'],4,0.16996448
1579,1579,33_DR1-2/DR2-images-by-lesions/Normal Images/IM001000.JPG,[],['normal'],3,0.45603803
1580,1580,33_DR1-2/DR2-images-by-lesions/Normal Images/IM001091.JPG,[],['normal'],3,0.3626978
1581,1581,33_DR1-2/DR2-images-by-lesions/Normal Images/IM001187.JPG,[],['normal'],4,0.23555626
1582,1582,33_DR1-2/DR2-images-by-lesions/Normal Images/IM001084.JPG,[],['normal'],3,0.48005524
1583,1583,33_DR1-2/DR2-images-by-lesions/Normal Images/IM000729.JPG,[],['normal'],4,0.20733489
1584,1584,33_DR1-2/DR2-images-by-lesions/Normal Images/IM000896.JPG,[],['normal'],3,0.30321002
1585,1585,33_DR1-2/DR2-images-by-lesions/Normal Images/IM001265.JPG,[],['normal'],2,0.56144184
1586,1586,33_DR1-2/DR2-images-by-lesions/Normal Images/IM001024.JPG,[],['normal'],3,0.35089135
1587,1587,33_DR1-2/DR2-images-by-lesions/Normal Images/IM000344.JPG,[],['normal'],3,0.3293674
1588,1588,33_DR1-2/DR2-images-by-lesions/Normal Images/IM000368.JPG,[],['normal'],4,0.16929846
1589,1589,33_DR1-2/DR2-images-by-lesions/Normal Images/IM000102.JPG,[],['normal'],3,0.30557263
1590,1590,33_DR1-2/DR2-images-by-lesions/Normal Images/IM001137.JPG,[],['normal'],3,0.48569307
1591,1591,33_DR1-2/DR2-images-by-lesions/Normal Images/IM000257.JPG,[],['normal'],4,0.23402277
1592,1592,33_DR1-2/DR2-images-by-lesions/Normal Images/IM001099.JPG,[],['normal'],4,0.20049411
1593,1593,33_DR1-2/DR2-images-by-lesions/Normal Images/IM000574.JPG,[],['normal'],3,0.26498163
1594,1594,33_DR1-2/DR2-images-by-lesions/Normal Images/IM001112.JPG,[],['normal'],3,0.41891426
1595,1595,33_DR1-2/DR2-images-by-lesions/Normal Images/IM000754.JPG,[],['normal'],3,0.3842058
1596,1596,33_DR1-2/DR2-images-by-lesions/Normal Images/IM000673.JPG,[],['normal'],3,0.31346634
1597,1597,33_DR1-2/DR2-images-by-lesions/Normal Images/IM001061.JPG,[],['normal'],3,0.36720526
1598,1598,33_DR1-2/DR2-images-by-lesions/Normal Images/IM001059.JPG,[],['normal'],2,0.68781865
1599,1599,33_DR1-2/DR2-images-by-lesions/Normal Images/IM000759.JPG,[],['normal'],4,0.19667941
1600,1600,33_DR1-2/DR2-images-by-lesions/Normal Images/IM001231.JPG,[],['normal'],4,0.21719454
1601,1601,33_DR1-2/DR2-images-by-lesions/Normal Images/IM001153.JPG,[],['normal'],3,0.27301764
1602,1602,33_DR1-2/DR2-images-by-lesions/Normal Images/IM001167.JPG,[],['normal'],3,0.30500174
1603,1603,33_DR1-2/DR2-images-by-lesions/Normal Images/IM001072.JPG,[],['normal'],3,0.35860163
1604,1604,33_DR1-2/DR2-images-by-lesions/Normal Images/IM000143.JPG,[],['normal'],3,0.3070218
1605,1605,33_DR1-2/DR2-images-by-lesions/Normal Images/IM001280.JPG,[],['normal'],2,0.5295322
1606,1606,33_DR1-2/DR2-images-by-lesions/Normal Images/IM001054.JPG,[],['normal'],3,0.349574
1607,1607,33_DR1-2/DR2-images-by-lesions/Normal Images/IM000903.JPG,[],['normal'],3,0.3978879
1608,1608,33_DR1-2/DR2-images-by-lesions/Normal Images/IM001157.JPG,[],['normal'],3,0.29727647
1609,1609,33_DR1-2/DR2-images-by-lesions/Normal Images/IM000370.JPG,[],['normal'],3,0.3047235
1610,1610,33_DR1-2/DR2-images-by-lesions/Normal Images/IM000973.JPG,[],['normal'],4,0.2385552
1611,1611,33_DR1-2/DR2-images-by-lesions/Normal Images/IM001062.JPG,[],['normal'],3,0.406394
1612,1612,33_DR1-2/DR2-images-by-lesions/Normal Images/IM000296.JPG,[],['normal'],3,0.31515098
1613,1613,33_DR1-2/DR2-images-by-lesions/Normal Images/IM001063.JPG,[],['normal'],3,0.38764676
1614,1614,33_DR1-2/DR2-images-by-lesions/Normal Images/IM000256.JPG,[],['normal'],4,0.21712238
1615,1615,33_DR1-2/DR2-images-by-lesions/Normal Images/IM001101.JPG,[],['normal'],2,0.58959615
1616,1616,33_DR1-2/DR2-images-by-lesions/Normal Images/IM000764.JPG,[],['normal'],2,0.53067034
1617,1617,33_DR1-2/DR2-images-by-lesions/Normal Images/IM000785.JPG,[],['normal'],3,0.47774598
1618,1618,33_DR1-2/DR2-images-by-lesions/Normal Images/IM000588.JPG,[],['normal'],3,0.25891966
1619,1619,33_DR1-2/DR2-images-by-lesions/Normal Images/IM000549.JPG,[],['normal'],4,0.22705024
1620,1620,33_DR1-2/DR2-images-by-lesions/Normal Images/IM001052.JPG,[],['normal'],3,0.29824728
1621,1621,33_DR1-2/DR2-images-by-lesions/Normal Images/IM000830.JPG,[],['normal'],3,0.39812857
1622,1622,33_DR1-2/DR2-images-by-lesions/Normal Images/IM001254.JPG,[],['normal'],3,0.28262296
1623,1623,33_DR1-2/DR2-images-by-lesions/Normal Images/IM000803.JPG,[],['normal'],3,0.26806688
1624,1624,33_DR1-2/DR2-images-by-lesions/Normal Images/IM000309.JPG,[],['normal'],3,0.33697942
1625,1625,33_DR1-2/DR2-images-by-lesions/Normal Images/IM001139.JPG,[],['normal'],4,0.19757497
1626,1626,33_DR1-2/DR2-images-by-lesions/Normal Images/IM000560.JPG,[],['normal'],3,0.43038186
1627,1627,33_DR1-2/DR2-images-by-lesions/Normal Images/IM000258.JPG,[],['normal'],3,0.2906359
1628,1628,33_DR1-2/DR2-images-by-lesions/Normal Images/IM000328.JPG,[],['normal'],3,0.32355082
1629,1629,33_DR1-2/DR2-images-by-lesions/Normal Images/IM000747.JPG,[],['normal'],3,0.27069834
1630,1630,33_DR1-2/DR2-images-by-lesions/Normal Images/IM000532.JPG,[],['normal'],3,0.37875554
1631,1631,33_DR1-2/DR2-images-by-lesions/Normal Images/IM000742.JPG,[],['normal'],4,0.23344801
1632,1632,33_DR1-2/DR2-images-by-lesions/Normal Images/IM000792.JPG,[],['normal'],3,0.27116072
1633,1633,33_DR1-2/DR1-images-by-lesions/Red Lesions/IMG0475 (6).TIF,[],['red small dots'],3,0.29763362
1634,1634,33_DR1-2/DR1-images-by-lesions/Red Lesions/IMG0544 (7).TIF,[],['red small dots'],4,0.24533108
1635,1635,33_DR1-2/DR1-images-by-lesions/Red Lesions/IMG0257 (10).TIF,[],['red small dots'],3,0.36877555
1636,1636,33_DR1-2/DR1-images-by-lesions/Red Lesions/IMG0036 (10).TIF,[],['red small dots'],3,0.42045325
1637,1637,33_DR1-2/DR1-images-by-lesions/Red Lesions/IMG0558 (4).TIF,[],['red small dots'],3,0.29062796
1638,1638,33_DR1-2/DR1-images-by-lesions/Red Lesions/IMG0192 (7).TIF,[],['red small dots'],3,0.47998983
1639,1639,33_DR1-2/DR1-images-by-lesions/Red Lesions/IMG0193 (4).TIF,[],['red small dots'],3,0.27887595
1640,1640,33_DR1-2/DR1-images-by-lesions/Red Lesions/IMG0301 (5).TIF,[],['red small dots'],3,0.43222427
1641,1641,33_DR1-2/DR1-images-by-lesions/Red Lesions/IMG0213.TIF,[],['red small dots'],3,0.25341067
1642,1642,33_DR1-2/DR1-images-by-lesions/Red Lesions/IMG0083 (4).TIF,[],['red small dots'],4,0.24736483
1643,1643,33_DR1-2/DR1-images-by-lesions/Red Lesions/IMG0196 (2).TIF,[],['red small dots'],4,0.21426672
1644,1644,33_DR1-2/DR1-images-by-lesions/Red Lesions/IMG0045.TIF,[],['red small dots'],2,0.5285419
1645,1645,33_DR1-2/DR1-images-by-lesions/Red Lesions/A (152).TIF,[],['red small dots'],4,0.24197723
1646,1646,33_DR1-2/DR1-images-by-lesions/Red Lesions/IMG0197 (2).TIF,[],['red small dots'],3,0.4144267
1647,1647,33_DR1-2/DR1-images-by-lesions/Red Lesions/IMG0200 (8).TIF,[],['red small dots'],4,0.21047084
1648,1648,33_DR1-2/DR1-images-by-lesions/Red Lesions/IMG0002 (26).TIF,[],['red small dots'],3,0.42991635
1649,1649,33_DR1-2/DR1-images-by-lesions/Red Lesions/IMG0035 (8).TIF,[],['red small dots'],3,0.4204235
1650,1650,33_DR1-2/DR1-images-by-lesions/Red Lesions/IMG0084 (5).TIF,[],['red small dots'],3,0.26106542
1651,1651,33_DR1-2/DR1-images-by-lesions/Red Lesions/IMG0416 (2).TIF,[],['red small dots'],3,0.48121282
1652,1652,33_DR1-2/DR1-images-by-lesions/Red Lesions/IMG0414 (2).TIF,[],['red small dots'],3,0.42420813
1653,1653,33_DR1-2/DR1-images-by-lesions/Red Lesions/IMG0261 (10).TIF,[],['red small dots'],3,0.32257304
1654,1654,33_DR1-2/DR1-images-by-lesions/Red Lesions/IMG0198 (2).TIF,[],['red small dots'],2,0.62936527
1655,1655,33_DR1-2/DR1-images-by-lesions/Red Lesions/IMG0207 (11).TIF,[],['red small dots'],3,0.34516835
1656,1656,33_DR1-2/DR1-images-by-lesions/Red Lesions/IMG0143 (15).TIF,[],['red small dots'],4,0.20163141
1657,1657,33_DR1-2/DR1-images-by-lesions/Red Lesions/c (47).TIF,[],['red small dots'],3,0.43245253
1658,1658,33_DR1-2/DR1-images-by-lesions/Red Lesions/IMG0207 (14).TIF,[],['red small dots'],4,0.2196091
1659,1659,33_DR1-2/DR1-images-by-lesions/Red Lesions/IMG0335 (3).TIF,[],['red small dots'],3,0.26431215
1660,1660,33_DR1-2/DR1-images-by-lesions/Red Lesions/IMG0300 (5).TIF,[],['red small dots'],4,0.24209177
1661,1661,33_DR1-2/DR1-images-by-lesions/Red Lesions/A (151).TIF,[],['red small dots'],3,0.33244056
1662,1662,33_DR1-2/DR1-images-by-lesions/Red Lesions/IMG0093 (8).TIF,[],['red small dots'],3,0.44253922
1663,1663,33_DR1-2/DR1-images-by-lesions/Red Lesions/IMG0259 (7).TIF,[],['red small dots'],4,0.2233709
1664,1664,33_DR1-2/DR1-images-by-lesions/Red Lesions/IMG0464 (5).TIF,[],['red small dots'],3,0.304097
1665,1665,33_DR1-2/DR1-images-by-lesions/Red Lesions/IMG0484 (8).TIF,[],['red small dots'],3,0.46862376
1666,1666,33_DR1-2/DR1-images-by-lesions/Red Lesions/IMG0044.TIF,[],['red small dots'],3,0.2760328
1667,1667,33_DR1-2/DR1-images-by-lesions/Red Lesions/IMG0205 (10).TIF,[],['red small dots'],3,0.37954038
1668,1668,33_DR1-2/DR1-images-by-lesions/Red Lesions/IMG0412 (7).TIF,[],['red small dots'],3,0.2787335
1669,1669,33_DR1-2/DR1-images-by-lesions/Red Lesions/IMG0334 (3).TIF,[],['red small dots'],3,0.35098734
1670,1670,33_DR1-2/DR1-images-by-lesions/Red Lesions/IMG0324 (11).TIF,[],['red small dots'],3,0.4261387
1671,1671,33_DR1-2/DR1-images-by-lesions/Red Lesions/IMG0109.TIF,[],['red small dots'],3,0.3675641
1672,1672,33_DR1-2/DR1-images-by-lesions/Red Lesions/IMG0485 (7).TIF,[],['red small dots'],2,0.6201955
1673,1673,33_DR1-2/DR1-images-by-lesions/Red Lesions/IMG0163 (10).TIF,[],['red small dots'],3,0.32460663
1674,1674,33_DR1-2/DR1-images-by-lesions/Red Lesions/IMG0047.TIF,[],['red small dots'],3,0.28821397
1675,1675,33_DR1-2/DR1-images-by-lesions/Red Lesions/IMG0426 (3).TIF,[],['red small dots'],3,0.33495918
1676,1676,33_DR1-2/DR1-images-by-lesions/Red Lesions/IMG0491 (2).TIF,[],['red small dots'],3,0.46450907
1677,1677,33_DR1-2/DR1-images-by-lesions/Red Lesions/IMG0253 (4).TIF,[],['red small dots'],4,0.22718914
1678,1678,33_DR1-2/DR1-images-by-lesions/Red Lesions/IMG0740 (2).TIF,[],['red small dots'],3,0.27213404
1679,1679,33_DR1-2/DR1-images-by-lesions/Red Lesions/IMG0088 (10).TIF,[],['red small dots'],4,0.22285174
1680,1680,33_DR1-2/DR1-images-by-lesions/Red Lesions/IMG0418 (2).TIF,[],['red small dots'],3,0.25465384
1681,1681,33_DR1-2/DR1-images-by-lesions/Red Lesions/IMG0318 (6).TIF,[],['red small dots'],4,0.24666023
1682,1682,33_DR1-2/DR1-images-by-lesions/Red Lesions/IMG0090 (10).TIF,[],['red small dots'],3,0.40678394
1683,1683,33_DR1-2/DR1-images-by-lesions/Red Lesions/IMG0479 (4).TIF,[],['red small dots'],3,0.4127242
1684,1684,33_DR1-2/DR1-images-by-lesions/Red Lesions/IMG0465 (6).TIF,[],['red small dots'],3,0.44588664
1685,1685,33_DR1-2/DR1-images-by-lesions/Red Lesions/IMG0468 (6).TIF,[],['red small dots'],3,0.36912474
1686,1686,33_DR1-2/DR1-images-by-lesions/Red Lesions/IMG0317 (5).TIF,[],['red small dots'],4,0.24716763
1687,1687,33_DR1-2/DR1-images-by-lesions/Red Lesions/IMG0258 (7).TIF,[],['red small dots'],3,0.41938555
1688,1688,33_DR1-2/DR1-images-by-lesions/Red Lesions/IMG0620 (3).TIF,[],['red small dots'],3,0.39277765
1689,1689,33_DR1-2/DR1-images-by-lesions/Red Lesions/IMG0214 (4).TIF,[],['red small dots'],3,0.30346096
1690,1690,33_DR1-2/DR1-images-by-lesions/Red Lesions/IMG0239 (3).TIF,[],['red small dots'],3,0.2613681
1691,1691,33_DR1-2/DR1-images-by-lesions/Red Lesions/IMG0144 (14).TIF,[],['red small dots'],2,0.57678777
1692,1692,33_DR1-2/DR1-images-by-lesions/Red Lesions/IMG0169 (2).TIF,[],['red small dots'],4,0.1961203
1693,1693,33_DR1-2/DR1-images-by-lesions/Red Lesions/c (49).TIF,[],['red small dots'],3,0.2999897
1694,1694,33_DR1-2/DR1-images-by-lesions/Red Lesions/IMG0010 (13).TIF,[],['red small dots'],3,0.37415668
1695,1695,33_DR1-2/DR1-images-by-lesions/Red Lesions/IMG0312 (5).TIF,[],['red small dots'],3,0.28000405
1696,1696,33_DR1-2/DR1-images-by-lesions/Red Lesions/A (143).TIF,[],['red small dots'],4,0.23536238
1697,1697,33_DR1-2/DR1-images-by-lesions/Red Lesions/IMG0352 (4).TIF,[],['red small dots'],3,0.49930683
1698,1698,33_DR1-2/DR1-images-by-lesions/Red Lesions/IMG0521 (2).TIF,[],['red small dots'],4,0.22144908
1699,1699,33_DR1-2/DR1-images-by-lesions/Red Lesions/IMG0315.TIF,[],['red small dots'],3,0.2872894
1700,1700,33_DR1-2/DR1-images-by-lesions/Red Lesions/IMG0176 (7).TIF,[],['red small dots'],3,0.2836911
1701,1701,33_DR1-2/DR1-images-by-lesions/Red Lesions/A (144).TIF,[],['red small dots'],3,0.3534257
1702,1702,33_DR1-2/DR1-images-by-lesions/Red Lesions/c (48).TIF,[],['red small dots'],3,0.38885185
1703,1703,33_DR1-2/DR1-images-by-lesions/Red Lesions/IMG0073 (6).TIF,[],['red small dots'],3,0.38128176
1704,1704,33_DR1-2/DR1-images-by-lesions/Red Lesions/IMG0348 (11).TIF,[],['red small dots'],3,0.3457433
1705,1705,33_DR1-2/DR1-images-by-lesions/Red Lesions/IMG0482 (5).TIF,[],['red small dots'],4,0.21751769
1706,1706,33_DR1-2/DR1-images-by-lesions/Red Lesions/IMG0201 (11).TIF,[],['red small dots'],3,0.2891377
1707,1707,33_DR1-2/DR1-images-by-lesions/Red Lesions/IMG0773 (2).TIF,[],['red small dots'],3,0.27311966
1708,1708,33_DR1-2/DR1-images-by-lesions/Red Lesions/IMG0350 (11).TIF,[],['red small dots'],3,0.28067282
1709,1709,33_DR1-2/DR1-images-by-lesions/Red Lesions/IMG0013 (15).TIF,[],['red small dots'],3,0.34357068
1710,1710,33_DR1-2/DR1-images-by-lesions/Red Lesions/IMG0463 (5).TIF,[],['red small dots'],3,0.36569807
1711,1711,33_DR1-2/DR1-images-by-lesions/Red Lesions/IMG0212 (4).TIF,[],['red small dots'],3,0.3317755
1712,1712,33_DR1-2/DR1-images-by-lesions/Red Lesions/IMG0247 (2).TIF,[],['red small dots'],3,0.33068505
1713,1713,33_DR1-2/DR1-images-by-lesions/Red Lesions/IMG0353 (4).TIF,[],['red small dots'],3,0.43093014
1714,1714,33_DR1-2/DR1-images-by-lesions/Red Lesions/IMG0480 (2).TIF,[],['red small dots'],4,0.19753781
1715,1715,33_DR1-2/DR1-images-by-lesions/Red Lesions/IMG0393 (12).TIF,[],['red small dots'],3,0.36769992
1716,1716,33_DR1-2/DR1-images-by-lesions/Red Lesions/IMG0427 (3).TIF,[],['red small dots'],3,0.35070112
1717,1717,33_DR1-2/DR1-images-by-lesions/Red Lesions/IMG0320 (12).TIF,[],['red small dots'],4,0.2470511
1718,1718,33_DR1-2/DR1-images-by-lesions/Red Lesions/A (148).TIF,[],['red small dots'],3,0.40606743
1719,1719,33_DR1-2/DR1-images-by-lesions/Red Lesions/IMG0211 (8).TIF,[],['red small dots'],2,0.554299
1720,1720,33_DR1-2/DR1-images-by-lesions/Red Lesions/IMG0294.TIF,[],['red small dots'],3,0.31876898
1721,1721,33_DR1-2/DR1-images-by-lesions/Red Lesions/IMG0292.TIF,[],['red small dots'],2,0.5178915
1722,1722,33_DR1-2/DR1-images-by-lesions/Red Lesions/c (126).TIF,[],['red small dots'],3,0.36760703
1723,1723,33_DR1-2/DR1-images-by-lesions/Red Lesions/IMG0174 (3).TIF,[],['red small dots'],4,0.23978584
1724,1724,33_DR1-2/DR1-images-by-lesions/Red Lesions/IMG0203 (8).TIF,[],['red small dots'],3,0.4523777
1725,1725,33_DR1-2/DR1-images-by-lesions/Red Lesions/IMG0257 (5).TIF,[],['red small dots'],3,0.3673285
1726,1726,33_DR1-2/DR1-images-by-lesions/Red Lesions/IMG0208 (14).TIF,[],['red small dots'],3,0.30493435
1727,1727,33_DR1-2/DR1-images-by-lesions/Red Lesions/IMG0361 (6).TIF,[],['red small dots'],3,0.33110723
1728,1728,33_DR1-2/DR1-images-by-lesions/Red Lesions/IMG0337 (2).TIF,[],['red small dots'],4,0.24782331
1729,1729,33_DR1-2/DR1-images-by-lesions/Red Lesions/IMG0520.TIF,[],['red small dots'],3,0.39334828
1730,1730,33_DR1-2/DR1-images-by-lesions/Red Lesions/IMG0388 (12).TIF,[],['red small dots'],3,0.4485344
1731,1731,33_DR1-2/DR1-images-by-lesions/Red Lesions/IMG0124 (7).TIF,[],['red small dots'],3,0.29126877
1732,1732,33_DR1-2/DR1-images-by-lesions/Red Lesions/c (128).TIF,[],['red small dots'],3,0.38204098
1733,1733,33_DR1-2/DR1-images-by-lesions/Red Lesions/IMG0364 (9).TIF,[],['red small dots'],3,0.48370087
1734,1734,33_DR1-2/DR1-images-by-lesions/Red Lesions/IMG0390 (8).TIF,[],['red small dots'],3,0.2717004
1735,1735,33_DR1-2/DR1-images-by-lesions/Red Lesions/IMG0078 (9).TIF,[],['red small dots'],3,0.36248693
1736,1736,33_DR1-2/DR1-images-by-lesions/Red Lesions/IMG0195 (2).TIF,[],['red small dots'],2,0.51860297
1737,1737,33_DR1-2/DR1-images-by-lesions/Red Lesions/IMG0360 (5).TIF,[],['red small dots'],3,0.31060016
1738,1738,33_DR1-2/DR1-images-by-lesions/Red Lesions/IMG0116 (8).TIF,[],['red small dots'],3,0.3357487
1739,1739,33_DR1-2/DR1-images-by-lesions/Red Lesions/IMG0413 (2).TIF,[],['red small dots'],3,0.4088354
1740,1740,33_DR1-2/DR1-images-by-lesions/Red Lesions/A (147).TIF,[],['red small dots'],3,0.48091573
1741,1741,33_DR1-2/DR1-images-by-lesions/Red Lesions/IMG0193 (6).TIF,[],['red small dots'],3,0.29370052
1742,1742,33_DR1-2/DR1-images-by-lesions/Red Lesions/IMG0252 (2).TIF,[],['red small dots'],3,0.2967571
1743,1743,33_DR1-2/DR1-images-by-lesions/Red Lesions/IMG0089 (9).TIF,[],['red small dots'],3,0.27955174
1744,1744,33_DR1-2/DR1-images-by-lesions/Red Lesions/IMG0478 (4).TIF,[],['red small dots'],2,0.50658965
1745,1745,33_DR1-2/DR1-images-by-lesions/Red Lesions/IMG0209 (16).TIF,[],['red small dots'],3,0.3233642
1746,1746,33_DR1-2/DR1-images-by-lesions/Red Lesions/A (159).TIF,[],['red small dots'],3,0.28003126
1747,1747,33_DR1-2/DR1-images-by-lesions/Red Lesions/IMG0206 (13).TIF,[],['red small dots'],3,0.33804658
1748,1748,33_DR1-2/DR1-images-by-lesions/Red Lesions/IMG0545 (7).TIF,[],['red small dots'],3,0.29738185
1749,1749,33_DR1-2/DR1-images-by-lesions/Red Lesions/IMG0102 (12).TIF,[],['red small dots'],3,0.31204665
1750,1750,33_DR1-2/DR1-images-by-lesions/Red Lesions/A (145).TIF,[],['red small dots'],3,0.3379633
1751,1751,33_DR1-2/DR1-images-by-lesions/Red Lesions/A (134).TIF,[],['red small dots'],3,0.31323203
1752,1752,33_DR1-2/DR1-images-by-lesions/Red Lesions/IMG0481 (3).TIF,[],['red small dots'],3,0.31204835
1753,1753,33_DR1-2/DR1-images-by-lesions/Red Lesions/IMG0774 (2).TIF,[],['red small dots'],3,0.41306642
1754,1754,33_DR1-2/DR1-images-by-lesions/Red Lesions/IMG0072 (10).TIF,[],['red small dots'],3,0.37772262
1755,1755,33_DR1-2/DR1-images-by-lesions/Red Lesions/IMG0073 (10).TIF,[],['red small dots'],3,0.40991038
1756,1756,33_DR1-2/DR1-images-by-lesions/Red Lesions/IMG0145 (9).TIF,[],['red small dots'],2,0.5944459
1757,1757,33_DR1-2/DR1-images-by-lesions/Red Lesions/IMG0365 (9).TIF,[],['red small dots'],3,0.30160666
1758,1758,33_DR1-2/DR1-images-by-lesions/Red Lesions/IMG0146 (10).TIF,[],['red small dots'],3,0.34809643
1759,1759,33_DR1-2/DR1-images-by-lesions/Red Lesions/IMG0204 (8).TIF,[],['red small dots'],3,0.3467574
1760,1760,33_DR1-2/DR1-images-by-lesions/Red Lesions/IMG0419 (2).TIF,[],['red small dots'],3,0.344197
1761,1761,33_DR1-2/DR1-images-by-lesions/Red Lesions/c (46).TIF,[],['red small dots'],3,0.47303677
1762,1762,33_DR1-2/DR1-images-by-lesions/Red Lesions/IMG0005 (20).TIF,[],['red small dots'],3,0.33984807
1763,1763,33_DR1-2/DR1-images-by-lesions/Red Lesions/IMG0311 (4).TIF,[],['red small dots'],3,0.27655593
1764,1764,33_DR1-2/DR1-images-by-lesions/Red Lesions/IMG0108 (10).TIF,[],['red small dots'],4,0.22460505
1765,1765,33_DR1-2/DR1-images-by-lesions/Red Lesions/IMG0087 (11).TIF,[],['red small dots'],3,0.2644748
1766,1766,33_DR1-2/DR1-images-by-lesions/Red Lesions/A (149).TIF,[],['red small dots'],3,0.27676246
1767,1767,33_DR1-2/DR1-images-by-lesions/Red Lesions/A (150).TIF,[],['red small dots'],2,0.5200694
1768,1768,33_DR1-2/DR1-images-by-lesions/Red Lesions/IMG0043.TIF,[],['red small dots'],3,0.3441485
1769,1769,33_DR1-2/DR1-images-by-lesions/Red Lesions/IMG0072 (11).TIF,[],['red small dots'],3,0.28446853
1770,1770,33_DR1-2/DR1-images-by-lesions/Red Lesions/IMG0081 (5).TIF,[],['red small dots'],3,0.29178318
1771,1771,33_DR1-2/DR1-images-by-lesions/Red Lesions/IMG0004 (4).TIF,[],['red small dots'],3,0.36631313
1772,1772,33_DR1-2/DR1-images-by-lesions/Red Lesions/IMG0042.TIF,[],['red small dots'],3,0.31262264
1773,1773,33_DR1-2/DR1-images-by-lesions/Red Lesions/IMG0313 (5).TIF,[],['red small dots'],3,0.3436524
1774,1774,33_DR1-2/DR1-images-by-lesions/Red Lesions/IMG0428 (3).TIF,[],['red small dots'],4,0.24199478
1775,1775,33_DR1-2/DR1-images-by-lesions/Red Lesions/IMG0293.TIF,[],['red small dots'],3,0.36274385
1776,1776,33_DR1-2/DR1-images-by-lesions/Red Lesions/IMG0415 (6).TIF,[],['red small dots'],3,0.32093465
1777,1777,33_DR1-2/DR1-images-by-lesions/Red Lesions/IMG0161.TIF,[],['red small dots'],4,0.24662098
1778,1778,33_DR1-2/DR1-images-by-lesions/Red Lesions/IMG0413 (8).TIF,[],['red small dots'],3,0.27600765
1779,1779,33_DR1-2/DR1-images-by-lesions/Red Lesions/IMG0349 (8).TIF,[],['red small dots'],3,0.2696145
1780,1780,33_DR1-2/DR1-images-by-lesions/Red Lesions/IMG0260 (12).TIF,[],['red small dots'],3,0.40116447
1781,1781,33_DR1-2/DR1-images-by-lesions/Red Lesions/IMG0005 (11).TIF,[],['red small dots'],3,0.49165195
1782,1782,33_DR1-2/DR1-images-by-lesions/Red Lesions/IMG0048 (6).TIF,[],['red small dots'],3,0.34957597
1783,1783,33_DR1-2/DR1-images-by-lesions/Red Lesions/IMG0214 (9).TIF,[],['red small dots'],4,0.24984947
1784,1784,33_DR1-2/DR1-images-by-lesions/Red Lesions/A (81).TIF,[],['red small dots'],3,0.41466904
1785,1785,33_DR1-2/DR1-images-by-lesions/Red Lesions/IMG0262 (8).TIF,[],['red small dots'],3,0.27628815
1786,1786,33_DR1-2/DR1-images-by-lesions/Red Lesions/IMG0338 (3).TIF,[],['red small dots'],3,0.29126003
1787,1787,33_DR1-2/DR1-images-by-lesions/Red Lesions/IMG0258 (12).TIF,[],['red small dots'],3,0.29353276
1788,1788,33_DR1-2/DR1-images-by-lesions/Red Lesions/IMG0082 (5).TIF,[],['red small dots'],3,0.323793
1789,1789,33_DR1-2/DR1-images-by-lesions/Red Lesions/IMG0469 (7).TIF,[],['red small dots'],3,0.30185816
1790,1790,33_DR1-2/DR1-images-by-lesions/Red Lesions/IMG0249.TIF,[],['red small dots'],3,0.4663355
1791,1791,33_DR1-2/DR1-images-by-lesions/Red Lesions/IMG0462 (6).TIF,[],['red small dots'],4,0.1579634
1792,1792,33_DR1-2/DR1-images-by-lesions/Red Lesions/IMG0483 (15).TIF,[],['red small dots'],3,0.32263148
1793,1793,33_DR1-2/DR1-images-by-lesions/Red Lesions/IMG0363 (8).TIF,[],['red small dots'],3,0.3974069
1794,1794,33_DR1-2/DR1-images-by-lesions/Red Lesions/IMG0203 (6).TIF,[],['red small dots'],3,0.36471704
1795,1795,33_DR1-2/DR1-images-by-lesions/Red Lesions/IMG0546 (7).TIF,[],['red small dots'],3,0.38798746
1796,1796,33_DR1-2/DR1-images-by-lesions/Red Lesions/IMG0322 (9).TIF,[],['red small dots'],3,0.2674514
1797,1797,33_DR1-2/DR1-images-by-lesions/Red Lesions/IMG0004 (16).TIF,[],['red small dots'],2,0.70945644
1798,1798,33_DR1-2/DR1-images-by-lesions/Red Lesions/IMG0199 (10).TIF,[],['red small dots'],3,0.32536566
1799,1799,33_DR1-2/DR1-images-by-lesions/Red Lesions/IMG0011 (18).TIF,[],['red small dots'],3,0.29119185
1800,1800,33_DR1-2/DR1-images-by-lesions/Red Lesions/IMG0620.TIF,[],['red small dots'],3,0.3351532
1801,1801,33_DR1-2/DR1-images-by-lesions/Red Lesions/IMG0210 (14).TIF,[],['red small dots'],3,0.31544176
1802,1802,33_DR1-2/DR1-images-by-lesions/Red Lesions/IMG0357.TIF,[],['red small dots'],3,0.34804934
1803,1803,33_DR1-2/DR1-images-by-lesions/Red Lesions/IMG0041.TIF,[],['red small dots'],3,0.31211808
1804,1804,33_DR1-2/DR1-images-by-lesions/Red Lesions/IMG0257 (2).TIF,[],['red small dots'],3,0.33804765
1805,1805,33_DR1-2/DR1-images-by-lesions/Red Lesions/IMG0469 (8).TIF,[],['red small dots'],4,0.22526832
1806,1806,33_DR1-2/DR1-images-by-lesions/Red Lesions/IMG0291.TIF,[],['red small dots'],2,0.70921713
1807,1807,33_DR1-2/DR1-images-by-lesions/Red Lesions/IMG0484 (14).TIF,[],['red small dots'],3,0.45029977
1808,1808,33_DR1-2/DR1-images-by-lesions/Red Lesions/IMG0030 (5).TIF,[],['red small dots'],3,0.25649083
1809,1809,33_DR1-2/DR1-images-by-lesions/Red Lesions/IMG0415 (2).TIF,[],['red small dots'],2,0.53183824
1810,1810,33_DR1-2/DR1-images-by-lesions/Red Lesions/IMG0026 (8).TIF,[],['red small dots'],3,0.34788135
1811,1811,33_DR1-2/DR1-images-by-lesions/Red Lesions/IMG0617 (4).TIF,[],['red small dots'],3,0.3440827
1812,1812,33_DR1-2/DR1-images-by-lesions/Red Lesions/IMG0027 (6).TIF,[],['red small dots'],3,0.3570495
1813,1813,33_DR1-2/DR2-images-by-lesions/Red Lesions/IM000889.JPG,[],['red small dots'],3,0.34654215
1814,1814,33_DR1-2/DR2-images-by-lesions/Red Lesions/IM000585.JPG,[],['red small dots'],3,0.3576368
1815,1815,33_DR1-2/DR2-images-by-lesions/Red Lesions/IM000956.JPG,[],['red small dots'],3,0.45452005
1816,1816,33_DR1-2/DR2-images-by-lesions/Red Lesions/IM000820.JPG,[],['red small dots'],3,0.3163657
1817,1817,33_DR1-2/DR2-images-by-lesions/Red Lesions/IM001123.JPG,[],['red small dots'],3,0.41757512
1818,1818,33_DR1-2/DR2-images-by-lesions/Red Lesions/IM000325.JPG,[],['red small dots'],1,1.0
1819,1819,33_DR1-2/DR2-images-by-lesions/Red Lesions/IM001082.JPG,[],['red small dots'],3,0.31024492
1820,1820,33_DR1-2/DR2-images-by-lesions/Red Lesions/IM001013.JPG,[],['red small dots'],3,0.35489053
1821,1821,33_DR1-2/DR2-images-by-lesions/Red Lesions/IM001033.JPG,[],['red small dots'],3,0.41998923
1822,1822,33_DR1-2/DR2-images-by-lesions/Red Lesions/IM001276.JPG,[],['red small dots'],2,0.5850065
1823,1823,33_DR1-2/DR2-images-by-lesions/Red Lesions/IM001032.JPG,[],['red small dots'],3,0.35796902
1824,1824,33_DR1-2/DR2-images-by-lesions/Red Lesions/IM000919.JPG,[],['red small dots'],1,0.7664917
1825,1825,33_DR1-2/DR2-images-by-lesions/Red Lesions/IM001121.JPG,[],['red small dots'],2,0.6057997
1826,1826,33_DR1-2/DR2-images-by-lesions/Red Lesions/IM001242.JPG,[],['red small dots'],3,0.4746625
1827,1827,33_DR1-2/DR2-images-by-lesions/Red Lesions/IM000787.JPG,[],['red small dots'],2,0.5052243
1828,1828,33_DR1-2/DR2-images-by-lesions/Red Lesions/IM000977.JPG,[],['red small dots'],3,0.39029905
1829,1829,33_DR1-2/DR2-images-by-lesions/Red Lesions/IM000809.JPG,[],['red small dots'],2,0.6446791
1830,1830,33_DR1-2/DR2-images-by-lesions/Red Lesions/IM001180.JPG,[],['red small dots'],3,0.38427404
1831,1831,33_DR1-2/DR2-images-by-lesions/Red Lesions/IM001031.JPG,[],['red small dots'],1,0.7720668
1832,1832,33_DR1-2/DR2-images-by-lesions/Red Lesions/IM000920.JPG,[],['red small dots'],2,0.52441615
1833,1833,33_DR1-2/DR2-images-by-lesions/Red Lesions/IM001119.JPG,[],['red small dots'],3,0.3638291
1834,1834,33_DR1-2/DR2-images-by-lesions/Red Lesions/IM001029.JPG,[],['red small dots'],3,0.39910975
1835,1835,33_DR1-2/DR2-images-by-lesions/Red Lesions/IM000891.JPG,[],['red small dots'],3,0.35925308
1836,1836,33_DR1-2/DR2-images-by-lesions/Red Lesions/IM001045.JPG,[],['red small dots'],3,0.4310532
1837,1837,33_DR1-2/DR2-images-by-lesions/Red Lesions/IM000209.JPG,[],['red small dots'],3,0.391275
1838,1838,33_DR1-2/DR2-images-by-lesions/Red Lesions/IM001047.JPG,[],['red small dots'],1,0.7704497
1839,1839,33_DR1-2/DR2-images-by-lesions/Red Lesions/IM001181.JPG,[],['red small dots'],3,0.4699656
1840,1840,33_DR1-2/DR2-images-by-lesions/Red Lesions/IM000722.JPG,[],['red small dots'],3,0.42181432
1841,1841,33_DR1-2/DR2-images-by-lesions/Red Lesions/IM001243.JPG,[],['red small dots'],2,0.62997127
1842,1842,33_DR1-2/DR2-images-by-lesions/Red Lesions/IM000952.JPG,[],['red small dots'],2,0.6039934
1843,1843,33_DR1-2/DR2-images-by-lesions/Red Lesions/IM000884.JPG,[],['red small dots'],3,0.34613797
1844,1844,33_DR1-2/DR2-images-by-lesions/Red Lesions/IM000890.JPG,[],['red small dots'],3,0.37797037
1845,1845,33_DR1-2/DR2-images-by-lesions/Red Lesions/IM001147.JPG,[],['red small dots'],3,0.45946452
1846,1846,33_DR1-2/DR2-images-by-lesions/Red Lesions/IM000782.JPG,[],['red small dots'],3,0.37275544
1847,1847,33_DR1-2/DR2-images-by-lesions/Red Lesions/IM000721.JPG,[],['red small dots'],3,0.3180554
1848,1848,33_DR1-2/DR2-images-by-lesions/Red Lesions/IM000214.JPG,[],['red small dots'],3,0.42212954
1849,1849,33_DR1-2/DR2-images-by-lesions/Red Lesions/IM000954.JPG,[],['red small dots'],3,0.30387342
1850,1850,33_DR1-2/DR2-images-by-lesions/Red Lesions/IM000757.JPG,[],['red small dots'],3,0.2578337
1851,1851,33_DR1-2/DR2-images-by-lesions/Red Lesions/IM000489.JPG,[],['red small dots'],3,0.32952976
1852,1852,33_DR1-2/DR2-images-by-lesions/Red Lesions/IM000882.JPG,[],['red small dots'],3,0.3968785
1853,1853,33_DR1-2/DR2-images-by-lesions/Red Lesions/IM001037.JPG,[],['red small dots'],2,0.68716204
1854,1854,33_DR1-2/DR2-images-by-lesions/Red Lesions/IM000928.JPG,[],['red small dots'],1,0.80339545
1855,1855,33_DR1-2/DR2-images-by-lesions/Red Lesions/IM000816.JPG,[],['red small dots'],2,0.52280974
1856,1856,33_DR1-2/DR2-images-by-lesions/Red Lesions/IM000783.JPG,[],['red small dots'],3,0.3704116
1857,1857,33_DR1-2/DR2-images-by-lesions/Red Lesions/IM001108.JPG,[],['red small dots'],3,0.42987132
1858,1858,33_DR1-2/DR2-images-by-lesions/Red Lesions/IM000327.JPG,[],['red small dots'],2,0.5574084
1859,1859,33_DR1-2/DR2-images-by-lesions/Red Lesions/IM000883.JPG,[],['red small dots'],2,0.5195164
1860,1860,33_DR1-2/DR2-images-by-lesions/Red Lesions/IM001014.JPG,[],['red small dots'],3,0.47468972
1861,1861,33_DR1-2/DR2-images-by-lesions/Red Lesions/IM001275.JPG,[],['red small dots'],2,0.5060969
1862,1862,33_DR1-2/DR2-images-by-lesions/Red Lesions/IM000555.JPG,[],['red small dots'],3,0.40578234
1863,1863,33_DR1-2/DR2-images-by-lesions/Red Lesions/IM000674.JPG,[],['red small dots'],2,0.5272595
1864,1864,33_DR1-2/DR2-images-by-lesions/Red Lesions/IM000933.JPG,[],['red small dots'],3,0.43017504
1865,1865,33_DR1-2/DR2-images-by-lesions/Red Lesions/IM000955.JPG,[],['red small dots'],3,0.32555524
1866,1866,33_DR1-2/DR2-images-by-lesions/Red Lesions/IM001110.JPG,[],['red small dots'],2,0.5222988
1867,1867,33_DR1-2/DR2-images-by-lesions/Red Lesions/IM001240.JPG,[],['red small dots'],3,0.4111284
1868,1868,33_DR1-2/DR2-images-by-lesions/Red Lesions/IM000880.JPG,[],['red small dots'],3,0.3381309
1869,1869,33_DR1-2/DR2-images-by-lesions/Red Lesions/IM000888.JPG,[],['red small dots'],3,0.45327193
1870,1870,33_DR1-2/DR2-images-by-lesions/Red Lesions/IM000200.JPG,[],['red small dots'],3,0.417343
1871,1871,33_DR1-2/DR2-images-by-lesions/Red Lesions/IM000275.JPG,[],['red small dots'],3,0.2991187
1872,1872,33_DR1-2/DR2-images-by-lesions/Red Lesions/IM001010.JPG,[],['red small dots'],1,0.862793
1873,1873,33_DR1-2/DR2-images-by-lesions/Red Lesions/IM000812.JPG,[],['red small dots'],3,0.3631221
1874,1874,33_DR1-2/DR2-images-by-lesions/Red Lesions/IM000823.JPG,[],['red small dots'],3,0.38528976
1875,1875,33_DR1-2/DR2-images-by-lesions/Red Lesions/IM001143.JPG,[],['red small dots'],2,0.51523536
1876,1876,33_DR1-2/DR2-images-by-lesions/Red Lesions/IM000932.JPG,[],['red small dots'],2,0.53383315
1877,1877,33_DR1-2/DR2-images-by-lesions/Red Lesions/IM000978.JPG,[],['red small dots'],3,0.43251565
1878,1878,33_DR1-2/DR2-images-by-lesions/Red Lesions/IM000756.JPG,[],['red small dots'],2,0.58383435
1879,1879,33_DR1-2/DR2-images-by-lesions/Red Lesions/IM000273.JPG,[],['red small dots'],4,0.24708752
1880,1880,33_DR1-2/DR2-images-by-lesions/Red Lesions/IM000720.JPG,[],['red small dots'],3,0.37749738
1881,1881,33_DR1-2/DR2-images-by-lesions/Red Lesions/IM000815.JPG,[],['red small dots'],2,0.50481313
1882,1882,33_DR1-2/DR2-images-by-lesions/Red Lesions/IM000874.JPG,[],['red small dots'],3,0.4018973
1883,1883,33_DR1-2/DR2-images-by-lesions/Red Lesions/IM000981.JPG,[],['red small dots'],3,0.4850509
1884,1884,33_DR1-2/DR2-images-by-lesions/Red Lesions/IM000929.JPG,[],['red small dots'],2,0.5268797
1885,1885,33_DR1-2/DR2-images-by-lesions/Red Lesions/IM000894.JPG,[],['red small dots'],3,0.36289918
1886,1886,33_DR1-2/DR2-images-by-lesions/Red Lesions/IM001179.JPG,[],['red small dots'],3,0.47774306
1887,1887,33_DR1-2/DR2-images-by-lesions/Red Lesions/IM000976.JPG,[],['red small dots'],3,0.44295937
1888,1888,33_DR1-2/DR2-images-by-lesions/Red Lesions/IM001244.JPG,[],['red small dots'],3,0.2889812
1889,1889,33_DR1-2/DR2-images-by-lesions/Red Lesions/IM000922.JPG,[],['red small dots'],2,0.50408316
1890,1890,33_DR1-2/DR2-images-by-lesions/Red Lesions/IM001273.JPG,[],['red small dots'],3,0.40238816
1891,1891,33_DR1-2/DR2-images-by-lesions/Red Lesions/IM000931.JPG,[],['red small dots'],2,0.6810237
1892,1892,33_DR1-2/DR2-images-by-lesions/Red Lesions/IM000980.JPG,[],['red small dots'],3,0.4376822
1893,1893,33_DR1-2/DR2-images-by-lesions/Red Lesions/IM000490.JPG,[],['red small dots'],3,0.43202052
1894,1894,33_DR1-2/DR2-images-by-lesions/Red Lesions/IM000719.JPG,[],['red small dots'],3,0.32491407
1895,1895,33_DR1-2/DR2-images-by-lesions/Red Lesions/IM001146.JPG,[],['red small dots'],3,0.45368952
1896,1896,33_DR1-2/DR2-images-by-lesions/Red Lesions/IM001274.JPG,[],['red small dots'],3,0.47444177
1897,1897,33_DR1-2/DR2-images-by-lesions/Red Lesions/IM000872.JPG,[],['red small dots'],2,0.64337695
1898,1898,33_DR1-2/DR2-images-by-lesions/Red Lesions/IM000814.JPG,[],['red small dots'],3,0.3298737
1899,1899,33_DR1-2/DR2-images-by-lesions/Red Lesions/IM000160.JPG,[],['red small dots'],3,0.4931164
1900,1900,33_DR1-2/DR2-images-by-lesions/Red Lesions/IM000916.JPG,[],['red small dots'],3,0.42059886
1901,1901,33_DR1-2/DR2-images-by-lesions/Red Lesions/IM000181.JPG,[],['red small dots'],2,0.50869066
1902,1902,33_DR1-2/DR2-images-by-lesions/Red Lesions/IM000979.JPG,[],['red small dots'],2,0.5778023
1903,1903,33_DR1-2/DR2-images-by-lesions/Red Lesions/IM001012.JPG,[],['red small dots'],2,0.6313493
1904,1904,33_DR1-2/DR2-images-by-lesions/Red Lesions/IM001182.JPG,[],['red small dots'],3,0.4853479
1905,1905,33_DR1-2/DR2-images-by-lesions/Red Lesions/IM000586.JPG,[],['red small dots'],3,0.3303004
1906,1906,33_DR1-2/DR2-images-by-lesions/Red Lesions/IM000687.JPG,[],['red small dots'],3,0.34528333
1907,1907,33_DR1-2/DR2-images-by-lesions/Red Lesions/IM000174.JPG,[],['red small dots'],2,0.5401836
1908,1908,33_DR1-2/DR2-images-by-lesions/Red Lesions/IM001122.JPG,[],['red small dots'],2,0.7386163
1909,1909,33_DR1-2/DR2-images-by-lesions/Red Lesions/IM000807.JPG,[],['red small dots'],2,0.55228525
1910,1910,33_DR1-2/DR2-images-by-lesions/Red Lesions/IM001039.JPG,[],['red small dots'],3,0.48734316
1911,1911,33_DR1-2/DR1-images-by-lesions/Superficial Hemorrhages/IMG0257 (10).TIF,[],['superficial haemorrhages'],3,0.36877555
1912,1912,33_DR1-2/DR1-images-by-lesions/Superficial Hemorrhages/IMG0036 (10).TIF,[],['superficial haemorrhages'],3,0.42045325
1913,1913,33_DR1-2/DR1-images-by-lesions/Superficial Hemorrhages/IMG0558 (4).TIF,[],['superficial haemorrhages'],3,0.29062796
1914,1914,33_DR1-2/DR1-images-by-lesions/Superficial Hemorrhages/IMG0192 (7).TIF,[],['superficial haemorrhages'],3,0.47998983
1915,1915,33_DR1-2/DR1-images-by-lesions/Superficial Hemorrhages/IMG0193 (4).TIF,[],['superficial haemorrhages'],3,0.27887595
1916,1916,33_DR1-2/DR1-images-by-lesions/Superficial Hemorrhages/IMG0301 (5).TIF,[],['superficial haemorrhages'],3,0.43222427
1917,1917,33_DR1-2/DR1-images-by-lesions/Superficial Hemorrhages/IMG0213.TIF,[],['superficial haemorrhages'],3,0.25341067
1918,1918,33_DR1-2/DR1-images-by-lesions/Superficial Hemorrhages/IMG0083 (4).TIF,[],['superficial haemorrhages'],4,0.24736483
1919,1919,33_DR1-2/DR1-images-by-lesions/Superficial Hemorrhages/IMG0196 (2).TIF,[],['superficial haemorrhages'],4,0.21426672
1920,1920,33_DR1-2/DR1-images-by-lesions/Superficial Hemorrhages/IMG0197 (2).TIF,[],['superficial haemorrhages'],3,0.4144267
1921,1921,33_DR1-2/DR1-images-by-lesions/Superficial Hemorrhages/IMG0002 (26).TIF,[],['superficial haemorrhages'],3,0.42991635
1922,1922,33_DR1-2/DR1-images-by-lesions/Superficial Hemorrhages/IMG0035 (8).TIF,[],['superficial haemorrhages'],3,0.4204235
1923,1923,33_DR1-2/DR1-images-by-lesions/Superficial Hemorrhages/IMG0084 (5).TIF,[],['superficial haemorrhages'],3,0.26106542
1924,1924,33_DR1-2/DR1-images-by-lesions/Superficial Hemorrhages/IMG0198 (2).TIF,[],['superficial haemorrhages'],2,0.62936527
1925,1925,33_DR1-2/DR1-images-by-lesions/Superficial Hemorrhages/IMG0207 (11).TIF,[],['superficial haemorrhages'],3,0.34516835
1926,1926,33_DR1-2/DR1-images-by-lesions/Superficial Hemorrhages/IMG0143 (15).TIF,[],['superficial haemorrhages'],4,0.20163141
1927,1927,33_DR1-2/DR1-images-by-lesions/Superficial Hemorrhages/IMG0207 (14).TIF,[],['superficial haemorrhages'],4,0.2196091
1928,1928,33_DR1-2/DR1-images-by-lesions/Superficial Hemorrhages/IMG0335 (3).TIF,[],['superficial haemorrhages'],3,0.26431215
1929,1929,33_DR1-2/DR1-images-by-lesions/Superficial Hemorrhages/IMG0300 (5).TIF,[],['superficial haemorrhages'],4,0.24209177
1930,1930,33_DR1-2/DR1-images-by-lesions/Superficial Hemorrhages/IMG0464 (5).TIF,[],['superficial haemorrhages'],3,0.304097
1931,1931,33_DR1-2/DR1-images-by-lesions/Superficial Hemorrhages/IMG0205 (10).TIF,[],['superficial haemorrhages'],3,0.37954038
1932,1932,33_DR1-2/DR1-images-by-lesions/Superficial Hemorrhages/IMG0412 (7).TIF,[],['superficial haemorrhages'],3,0.2787335
1933,1933,33_DR1-2/DR1-images-by-lesions/Superficial Hemorrhages/IMG0334 (3).TIF,[],['superficial haemorrhages'],3,0.35098734
1934,1934,33_DR1-2/DR1-images-by-lesions/Superficial Hemorrhages/IMG0324 (11).TIF,[],['superficial haemorrhages'],3,0.4261387
1935,1935,33_DR1-2/DR1-images-by-lesions/Superficial Hemorrhages/IMG0109.TIF,[],['superficial haemorrhages'],3,0.3675641
1936,1936,33_DR1-2/DR1-images-by-lesions/Superficial Hemorrhages/IMG0163 (10).TIF,[],['superficial haemorrhages'],3,0.32460663
1937,1937,33_DR1-2/DR1-images-by-lesions/Superficial Hemorrhages/IMG0426 (3).TIF,[],['superficial haemorrhages'],3,0.33495918
1938,1938,33_DR1-2/DR1-images-by-lesions/Superficial Hemorrhages/IMG0740 (2).TIF,[],['superficial haemorrhages'],3,0.27213404
1939,1939,33_DR1-2/DR1-images-by-lesions/Superficial Hemorrhages/IMG0088 (10).TIF,[],['superficial haemorrhages'],4,0.22285174
1940,1940,33_DR1-2/DR1-images-by-lesions/Superficial Hemorrhages/IMG0418 (2).TIF,[],['superficial haemorrhages'],3,0.25465384
1941,1941,33_DR1-2/DR1-images-by-lesions/Superficial Hemorrhages/IMG0318 (6).TIF,[],['superficial haemorrhages'],4,0.24666023
1942,1942,33_DR1-2/DR1-images-by-lesions/Superficial Hemorrhages/IMG0090 (10).TIF,[],['superficial haemorrhages'],3,0.40678394
1943,1943,33_DR1-2/DR1-images-by-lesions/Superficial Hemorrhages/IMG0465 (6).TIF,[],['superficial haemorrhages'],3,0.44588664
1944,1944,33_DR1-2/DR1-images-by-lesions/Superficial Hemorrhages/IMG0468 (6).TIF,[],['superficial haemorrhages'],3,0.36912474
1945,1945,33_DR1-2/DR1-images-by-lesions/Superficial Hemorrhages/IMG0620 (3).TIF,[],['superficial haemorrhages'],3,0.39277765
1946,1946,33_DR1-2/DR1-images-by-lesions/Superficial Hemorrhages/IMG0214 (4).TIF,[],['superficial haemorrhages'],3,0.30346096
1947,1947,33_DR1-2/DR1-images-by-lesions/Superficial Hemorrhages/IMG0144 (14).TIF,[],['superficial haemorrhages'],2,0.57678777
1948,1948,33_DR1-2/DR1-images-by-lesions/Superficial Hemorrhages/A (143).TIF,[],['superficial haemorrhages'],4,0.23536238
1949,1949,33_DR1-2/DR1-images-by-lesions/Superficial Hemorrhages/IMG0521 (2).TIF,[],['superficial haemorrhages'],4,0.22144908
1950,1950,33_DR1-2/DR1-images-by-lesions/Superficial Hemorrhages/IMG0315.TIF,[],['superficial haemorrhages'],3,0.2872894
1951,1951,33_DR1-2/DR1-images-by-lesions/Superficial Hemorrhages/A (144).TIF,[],['superficial haemorrhages'],3,0.3534257
1952,1952,33_DR1-2/DR1-images-by-lesions/Superficial Hemorrhages/IMG0073 (6).TIF,[],['superficial haemorrhages'],3,0.38128176
1953,1953,33_DR1-2/DR1-images-by-lesions/Superficial Hemorrhages/IMG0348 (11).TIF,[],['superficial haemorrhages'],3,0.3457433
1954,1954,33_DR1-2/DR1-images-by-lesions/Superficial Hemorrhages/IMG0201 (11).TIF,[],['superficial haemorrhages'],3,0.2891377
1955,1955,33_DR1-2/DR1-images-by-lesions/Superficial Hemorrhages/IMG0773 (2).TIF,[],['superficial haemorrhages'],3,0.27311966
1956,1956,33_DR1-2/DR1-images-by-lesions/Superficial Hemorrhages/IMG0350 (11).TIF,[],['superficial haemorrhages'],3,0.28067282
1957,1957,33_DR1-2/DR1-images-by-lesions/Superficial Hemorrhages/IMG0013 (15).TIF,[],['superficial haemorrhages'],3,0.34357068
1958,1958,33_DR1-2/DR1-images-by-lesions/Superficial Hemorrhages/IMG0463 (5).TIF,[],['superficial haemorrhages'],3,0.36569807
1959,1959,33_DR1-2/DR1-images-by-lesions/Superficial Hemorrhages/IMG0212 (4).TIF,[],['superficial haemorrhages'],3,0.3317755
1960,1960,33_DR1-2/DR1-images-by-lesions/Superficial Hemorrhages/IMG0427 (3).TIF,[],['superficial haemorrhages'],3,0.35070112
1961,1961,33_DR1-2/DR1-images-by-lesions/Superficial Hemorrhages/IMG0211 (8).TIF,[],['superficial haemorrhages'],2,0.554299
1962,1962,33_DR1-2/DR1-images-by-lesions/Superficial Hemorrhages/IMG0294.TIF,[],['superficial haemorrhages'],3,0.31876898
1963,1963,33_DR1-2/DR1-images-by-lesions/Superficial Hemorrhages/IMG0292.TIF,[],['superficial haemorrhages'],2,0.5178915
1964,1964,33_DR1-2/DR1-images-by-lesions/Superficial Hemorrhages/c (126).TIF,[],['superficial haemorrhages'],3,0.36760703
1965,1965,33_DR1-2/DR1-images-by-lesions/Superficial Hemorrhages/IMG0174 (3).TIF,[],['superficial haemorrhages'],4,0.23978584
1966,1966,33_DR1-2/DR1-images-by-lesions/Superficial Hemorrhages/IMG0203 (8).TIF,[],['superficial haemorrhages'],3,0.4523777
1967,1967,33_DR1-2/DR1-images-by-lesions/Superficial Hemorrhages/IMG0208 (14).TIF,[],['superficial haemorrhages'],3,0.30493435
1968,1968,33_DR1-2/DR1-images-by-lesions/Superficial Hemorrhages/IMG0337 (2).TIF,[],['superficial haemorrhages'],4,0.24782331
1969,1969,33_DR1-2/DR1-images-by-lesions/Superficial Hemorrhages/c (128).TIF,[],['superficial haemorrhages'],3,0.38204098
1970,1970,33_DR1-2/DR1-images-by-lesions/Superficial Hemorrhages/IMG0078 (9).TIF,[],['superficial haemorrhages'],3,0.36248693
1971,1971,33_DR1-2/DR1-images-by-lesions/Superficial Hemorrhages/IMG0195 (2).TIF,[],['superficial haemorrhages'],2,0.51860297
1972,1972,33_DR1-2/DR1-images-by-lesions/Superficial Hemorrhages/IMG0193 (6).TIF,[],['superficial haemorrhages'],3,0.29370052
1973,1973,33_DR1-2/DR1-images-by-lesions/Superficial Hemorrhages/IMG0089 (9).TIF,[],['superficial haemorrhages'],3,0.27955174
1974,1974,33_DR1-2/DR1-images-by-lesions/Superficial Hemorrhages/IMG0209 (16).TIF,[],['superficial haemorrhages'],3,0.3233642
1975,1975,33_DR1-2/DR1-images-by-lesions/Superficial Hemorrhages/A (159).TIF,[],['superficial haemorrhages'],3,0.28003126
1976,1976,33_DR1-2/DR1-images-by-lesions/Superficial Hemorrhages/IMG0206 (13).TIF,[],['superficial haemorrhages'],3,0.33804658
1977,1977,33_DR1-2/DR1-images-by-lesions/Superficial Hemorrhages/A (145).TIF,[],['superficial haemorrhages'],3,0.3379633
1978,1978,33_DR1-2/DR1-images-by-lesions/Superficial Hemorrhages/IMG0774 (2).TIF,[],['superficial haemorrhages'],3,0.41306642
1979,1979,33_DR1-2/DR1-images-by-lesions/Superficial Hemorrhages/IMG0072 (10).TIF,[],['superficial haemorrhages'],3,0.37772262
1980,1980,33_DR1-2/DR1-images-by-lesions/Superficial Hemorrhages/IMG0073 (10).TIF,[],['superficial haemorrhages'],3,0.40991038
1981,1981,33_DR1-2/DR1-images-by-lesions/Superficial Hemorrhages/IMG0145 (9).TIF,[],['superficial haemorrhages'],2,0.5944459
1982,1982,33_DR1-2/DR1-images-by-lesions/Superficial Hemorrhages/IMG0146 (10).TIF,[],['superficial haemorrhages'],3,0.34809643
1983,1983,33_DR1-2/DR1-images-by-lesions/Superficial Hemorrhages/IMG0204 (8).TIF,[],['superficial haemorrhages'],3,0.3467574
1984,1984,33_DR1-2/DR1-images-by-lesions/Superficial Hemorrhages/IMG0419 (2).TIF,[],['superficial haemorrhages'],3,0.344197
1985,1985,33_DR1-2/DR1-images-by-lesions/Superficial Hemorrhages/IMG0108 (10).TIF,[],['superficial haemorrhages'],4,0.22460505
1986,1986,33_DR1-2/DR1-images-by-lesions/Superficial Hemorrhages/IMG0087 (11).TIF,[],['superficial haemorrhages'],3,0.2644748
1987,1987,33_DR1-2/DR1-images-by-lesions/Superficial Hemorrhages/IMG0072 (11).TIF,[],['superficial haemorrhages'],3,0.28446853
1988,1988,33_DR1-2/DR1-images-by-lesions/Superficial Hemorrhages/IMG0081 (5).TIF,[],['superficial haemorrhages'],3,0.29178318
1989,1989,33_DR1-2/DR1-images-by-lesions/Superficial Hemorrhages/IMG0313 (5).TIF,[],['superficial haemorrhages'],3,0.3436524
1990,1990,33_DR1-2/DR1-images-by-lesions/Superficial Hemorrhages/IMG0428 (3).TIF,[],['superficial haemorrhages'],4,0.24199478
1991,1991,33_DR1-2/DR1-images-by-lesions/Superficial Hemorrhages/IMG0293.TIF,[],['superficial haemorrhages'],3,0.36274385
1992,1992,33_DR1-2/DR1-images-by-lesions/Superficial Hemorrhages/IMG0413 (8).TIF,[],['superficial haemorrhages'],3,0.27600765
1993,1993,33_DR1-2/DR1-images-by-lesions/Superficial Hemorrhages/IMG0349 (8).TIF,[],['superficial haemorrhages'],3,0.2696145
1994,1994,33_DR1-2/DR1-images-by-lesions/Superficial Hemorrhages/IMG0005 (11).TIF,[],['superficial haemorrhages'],3,0.49165195
1995,1995,33_DR1-2/DR1-images-by-lesions/Superficial Hemorrhages/IMG0048 (6).TIF,[],['superficial haemorrhages'],3,0.34957597
1996,1996,33_DR1-2/DR1-images-by-lesions/Superficial Hemorrhages/IMG0214 (9).TIF,[],['superficial haemorrhages'],4,0.24984947
1997,1997,33_DR1-2/DR1-images-by-lesions/Superficial Hemorrhages/IMG0338 (3).TIF,[],['superficial haemorrhages'],3,0.29126003
1998,1998,33_DR1-2/DR1-images-by-lesions/Superficial Hemorrhages/IMG0082 (5).TIF,[],['superficial haemorrhages'],3,0.323793
1999,1999,33_DR1-2/DR1-images-by-lesions/Superficial Hemorrhages/IMG0469 (7).TIF,[],['superficial haemorrhages'],3,0.30185816
2000,2000,33_DR1-2/DR1-images-by-lesions/Superficial Hemorrhages/IMG0249.TIF,[],['superficial haemorrhages'],3,0.4663355
2001,2001,33_DR1-2/DR1-images-by-lesions/Superficial Hemorrhages/IMG0322 (9).TIF,[],['superficial haemorrhages'],3,0.2674514
2002,2002,33_DR1-2/DR1-images-by-lesions/Superficial Hemorrhages/IMG0004 (16).TIF,[],['superficial haemorrhages'],2,0.70945644
2003,2003,33_DR1-2/DR1-images-by-lesions/Superficial Hemorrhages/IMG0199 (10).TIF,[],['superficial haemorrhages'],3,0.32536566
2004,2004,33_DR1-2/DR1-images-by-lesions/Superficial Hemorrhages/IMG0011 (18).TIF,[],['superficial haemorrhages'],3,0.29119185
2005,2005,33_DR1-2/DR1-images-by-lesions/Superficial Hemorrhages/IMG0620.TIF,[],['superficial haemorrhages'],3,0.3351532
2006,2006,33_DR1-2/DR1-images-by-lesions/Superficial Hemorrhages/IMG0210 (14).TIF,[],['superficial haemorrhages'],3,0.31544176
2007,2007,33_DR1-2/DR1-images-by-lesions/Superficial Hemorrhages/IMG0357.TIF,[],['superficial haemorrhages'],3,0.34804934
2008,2008,33_DR1-2/DR1-images-by-lesions/Superficial Hemorrhages/IMG0291.TIF,[],['superficial haemorrhages'],2,0.70921713
2009,2009,33_DR1-2/DR1-images-by-lesions/Superficial Hemorrhages/IMG0030 (5).TIF,[],['superficial haemorrhages'],3,0.25649083
2010,2010,33_DR1-2/DR1-images-by-lesions/Superficial Hemorrhages/IMG0026 (8).TIF,[],['superficial haemorrhages'],3,0.34788135
2011,2011,33_DR1-2/DR1-images-by-lesions/Superficial Hemorrhages/IMG0617 (4).TIF,[],['superficial haemorrhages'],3,0.3440827
2012,2012,33_DR1-2/DR1-images-by-lesions/Superficial Hemorrhages/IMG0027 (6).TIF,[],['superficial haemorrhages'],3,0.3570495
